country,id,name_eng,name_kor,category,program_category,area,city,score,toeic,toefl_ibt,toefl_itp,ielts,hsk,jlpt,jpt,zd,delf,dele,celi,cils,celpebras,toefl_home,toefl_mbs,specification,lastvisit,toefl_itp_availability,toeic_availability,toefl_mbs
United States,E0001,"Colorado State University, Pueblo","콜로라도주립대, 푸에블로",자매대학,일반교환,na,"Pueblo, CO",,,80,,6,,,,,,,,,,,,,,FALSE,FALSE,
United States,E0002,Kennesaw State University,케네쏘주립대,자매대학,일반교환,na,"Kennesaw, GA",,,80,,6.5,,,,,,,,,,,TRUE,,,FALSE,FALSE,TRUE
United States,E0003,University of South Dakota,사우스다코다대,자매대학,일반교환,na,"Vermillion, SD",,,80,,6,,,,,,,,,,,,,,FALSE,FALSE,
United States,E0004,Northwest University,노쓰웨스트대,자매대학,일반교환,na,"Kirkland, WA",3.8,,80,,6.5,,,,,,,,,,,,,,FALSE,FALSE,
United States,E0005,The Florida State University,플로리다주립대,자매대학,일반교환,na,"Tallahassee, FL",,,80,,6.5,,,,,,,,,,,,,,FALSE,FALSE,
United States,E0006,The University of Oklahoma,오클라호마대,자매대학,일반교환,na,"Norman, OK",,,80,,6,,,,,,,,,,,,,,FALSE,FALSE,
United States,E0007,California Baptist University,CBU,자매대학,일반교환,na,"Riverside, CA",,,80,,6,,,,,,,,,,,,,,FALSE,FALSE,
Canada,E0008,Concordia University,컨커디어대,자매대학,일반교환,na,"Montreal, QC",3.3,,85,,6.5,,,,,,,,,,TRUE,,* TOEFL iBT 각 영역별 20 이상 ※ English Literature 학과: TOEFL iBT 110 이상 Journalism and Communication Studies 학과: TOEFL iBT 100 이상 * IELTS 각 영역 별 6.5 이상 필요,,FALSE,FALSE,
Canada,E0009,"Université du Québec, Montréal","퀘백대, 몬트리올",자매대학,일반교환,na,"Montreal, QC",,,,,,,,,,B2,,,,,,,,,,,
New Zealand,E0010,Auckland University of Technology,오클랜드공대,자매대학,일반교환,oceania,Auckland,,,80,,6,,,,,,,,,,,,,,FALSE,FALSE,
Greece,E0011,Athens University of Economics and Business,아테네경제경영대,자매대학,일반교환,europe,Athens,,,80,,6,,,,,,,,,,,,,,FALSE,FALSE,
Netherlands,E0012,Fontys University of Applied Sciences,폰티스대,자매대학,일반교환,europe,Eindhoven,,,80,,6,,,,,,,,,,TRUE,,,,FALSE,FALSE,
Netherlands,E0013,Hanze University of Applied Sciences,한제대,자매대학,일반교환,europe,Groningen,,785,72,,5.5,,,,,,,,,,,,,,,,
Netherlands,E0014,HZ University of Applied Sciences,HZ대,자매대학,일반교환,europe,Vlissingen,,800,80,,6,,,,,,,,,,FALSE,,,,FALSE,,
Netherlands,E0015,Radboud University,라드바우드대,자매대학,일반교환,europe,Nijmegen,,670,80,,6,,,,,,,,,,,,TOEIC: Reading/Listening 시험과 Speaking/Writing 시험 2가지를 모두 제출해야함,,,,
Netherlands,E0016,Saxion University of Applied Sciences,삭시온대,자매대학,일반교환,europe,Enschede,,670,80,,6,,,,,,,,,,TRUE,FALSE,,,,,FALSE
Netherlands,E0017,Tio University of Applied Sciences,티오대,자매대학,일반교환,europe,Amsterdam,,785,72,,5.5,,,,,,,,,,,,,,,,
Denmark,E0018,University College South Denmark,UCSD,자매대학,일반교환,europe,Esbjerg,,850,80,,6,,,,,,,,,,,,,,,,
Germany,E0019,Augsburg University of Applied Sciences,아우크스부르크대,자매대학,일반교환,europe,Augsburg,,785,72,,5.5,,,,B1,,,,,,,,,,,,
Germany,E0020,"Baden-Wuerttemberg Cooperative State
 University Heidenheim",DHBW,자매대학,일반교환,europe,Heidenheim,,785,72,,5.5,,,,,,,,,,,,,,,,
Germany,E0021,Darmstadt University of Applied Sciences,다름슈타트대,자매대학,일반교환,europe,Darmstadt,,785,72,,5.5,,,,B2,,,,,,,,,,,,
Germany,E0022,Dresden University of Applied Sciences,드레스덴대,자매대학,일반교환,europe,Dresden,,785,72,,5.5,,,,B1,,,,,,,,,,,,
Germany,E0023,TH Köln – University of Applied Sciences,쾰른대,자매대학,일반교환,europe,Cologne,,785,72,,5.5,,,,B1,,,,,,,,,,,,
Germany,E0024,Furtwangen University of Applied Sciences,푸르트방겐대,자매대학,일반교환,europe,Furtwangen,,,72,,5.5,,,,B1,,,,,,,,,,FALSE,FALSE,
Germany,E0025,Heinrich Heine University Dusseldorf,하인리히 하이네 뒤셀도르프대,자매대학,일반교환,europe,Dusseldorf,,785,72,,5.5,,,,B1,,,,,,,,,,,,
Germany,E0026,Hof University of Applied Sciences,호프대,자매대학,일반교환,europe,Hof,,,72,,5.5,,,,,,,,,,,,,,,FALSE,
Germany,E0027,Kaiserslautern University of Applied Sciences,카이저슬라우턴대,자매대학,일반교환,europe,Kaiserslautern,,850,80,,6,,,,B1,,,,,,,,,,,,
Germany,E0028,Regensburg University of Applied Sciences (OTH Regensburg),레겐스부르크대,자매대학,일반교환,europe,Regensburg,,800,75,,5.5,,,,B2,,,,,,,,,,,,
Germany,E0029,University of Braunschweig of Technology,브라운슈바이크공대,자매대학,일반교환,europe,Braunschweig,,,80,,5.5,,,,B2,,,,,,,,,,FALSE,FALSE,
Germany,E0030,Viadrina European University,비아드리나대,자매대학,일반교환,europe,Frankfurt,,785,72,,5.5,,,,B2,,,,,,,,,,,,
Germany,E0031,Worms University of Applied Sciences,보름스대,자매대학,일반교환,europe,Worms,,785,72,,5.5,,,,B1,,,,,,,,,,,,
Germany,E0032,Alice Salomon University of Applied Sciences,알리스살로몬대,자매대학,일반교환,europe,Berlin,,785,72,,5.5,,,,B1,,,,,,,,,,,,
Germany,E0033,Aachen University of Applied Sciences,아헨대,자매대학,일반교환,europe,Aachen,,700,60,,4.5,,,,B1,,,,,,,,,,,,
Germany,E0034,Leuphana University of Luneburg,로이파나대,자매대학,일반교환,europe,Lüneburg,,785,72,,5.5,,,,B1,,,,,,,,,,,,
Germany,E0035,Muenster University of Applied Sciences,뮌스터대,자매대학,일반교환,europe,Münster,,785,72,,5.5,,,,B1,,,,,,,,,,,,
Germany,E0036,Europa-Universitat Flensburg,플렌스부르크대,자매대학,일반교환,europe,Flensburg,,,76,,,,,,B2,,,,,,,,,,,,
Germany,E0037,University of Vechta,페히타대,자매대학,일반교환,europe,Vechta,,785,72,,5.5,,,,B2,,,,,,,,,,,,
Latvia,E0038,BA School of Business and Finance,BA 경영경제대,자매대학,일반교환,europe,Riga,,785,72,,5.5,,,,,,,,,,,,,,,,
Latvia,E0039,Liepaja University,리에파야대,자매대학,일반교환,europe,Liepāja,,800,75,,5.5,,,,,,,,,,,,,,,,
Russia,E0040,Moscow State University,모스크바대,자매대학,일반교환,europe,Moscow,,,80,,6,,,,,,,,,,,,,,FALSE,FALSE,
Russia,E0041,Rostov State University of Economics,로스토프경제대,자매대학,일반교환,europe,Rostov-on-Don,,800,75,,5.5,,,,,,,,,,,,,,,,
Russia,E0042,Ural Federal University,우랄연방대,자매대학,일반교환,europe,Yekaterinburg,,785,72,,,,,,,,,,,,,,IELTS 제외,,,FALSE,
Russia,E0043,University of Tyumen,튜멘대,자매대학,일반교환,europe,Tyumen,,785,72,,5.5,,,,,,,,,,,,,,,,
Russia,E0044,(Banzarov) Buryat State University,부랴트 국립대,자매대학,일반교환,europe,Ulan-Ude,,800,75,,5.5,,,,,,,,,,,,,,,,
Russia,E0045,Moscow State Linguistic University,국립 모스크바 외국어 대학교,자매대학,일반교환,europe,Moscow,,800,75,,5.5,,,,,,,,,,,,,,,,
Romania,E0046,Alexandru Ioan Cuza University,AICU,자매대학,일반교환,europe,Iasi,,785,72,,5.5,,,,,,,,,,,,,,FALSE,,
Romania,E0047,Lucian Blaga University of Sibiu,LBUS,자매대학,일반교환,europe,Sibiu,,850,80,,6,,,,,,,,,,,,,,,,
Lithuania,E0048,Vytautas Magnus University,비타우타스 매그너스대,자매대학,일반교환,europe,Kaunas,,800,75,,5.5,,,,,,,,,,,,,,,,
Belgium,E0049,University of Mons,몽스대,자매대학,일반교환,europe,Mons,,785,72,,5.5,,,,,B1,,,,,,,,,,,
Sweden,E0050,Umeå University,우메오대,자매대학,일반교환,europe,Umea,,,75,,5.5,,,,,,,,,,,,,,,FALSE,
Switzerland,E0051,Geneva School of Business Administration,제네바비즈니스스쿨,자매대학,일반교환,europe,Geneva,,785,72,,5.5,,,,,,,,,,,,,,FALSE,,
Spain,E0052,Polytechnic University of Catalonia,카탈루니야대,자매대학,일반교환,europe,Barcelona,,800,75,,5.5,,,,,,A2,,,,,,,,FALSE,,
Spain,E0053,Rey Juan Carlos University,레이후안카를로스대,자매대학,일반교환,europe,Madrid,,800,75,,5.5,,,,,,B1,,,,,,,,FALSE,,
Spain,E0054,University Center for Technology and Digital Art,U-tad,자매대학,일반교환,europe,Madrid,,800,75,,5.5,,,,,,B1,,,,,,,,,,
Spain,E0055,University of Alicante,알리칸테대,자매대학,일반교환,europe,Alicante,,785,72,,5.5,,,,,,B1,,,,,,,,FALSE,,
Spain,E0056,University of Barcelona,바르셀로나대학교,자매대학,일반교환,europe,Barcelona,,,72,,5.5,,,,,,B1,,,,,,,,FALSE,FALSE,
Spain,E0057,University of Cantabria,칸타브리아대,자매대학,일반교환,europe,Cantabria,,800,75,,5.5,,,,,,B1,,,,,,,,,,
Spain,E0058,University of A Coruña,아코루나대,자매대학,일반교환,europe,A Coruna,,800,75,,5.5,,,,,,B1,,,,,,,,FALSE,,
Spain,E0059,University of Jaén,하엔대,자매대학,일반교환,europe,Jaén,,800,75,,5.5,,,,,,B1,,,,,,,,FALSE,,
Spain,E0060,University of Santiago de Compostela,산티아고콤포스텔라대,자매대학,일반교환,europe,Santiago de Compostela,,,,,,,,,,,B1,,,,,,스페인어 필수,,,,
Spain,E0061,University of Seville,세비야대,자매대학,일반교환,europe,Seville,,,75,,5.5,,,,,,C1,,,,,,,,FALSE,FALSE,
Spain,E0062,University of Vigo,비고대,자매대학,일반교환,europe,Vigo,,785,72,,5.5,,,,,,B1,,,,,,,,FALSE,,
Spain,E0063,University of Malaga,말라가대,자매대학,일반교환,europe,Malaga,,800,75,,5.5,,,,,,B1,,,,,,,,FALSE,,
Spain,E0064,Universitat Abat Oliba CEU,아바올리바CEU대,자매대학,일반교환,europe,Malaga,,785,72,,5.5,,,,,,B1,,,,,,,,,,
Spain,E0065,University of Salamanca,살라망카대,자매대학,일반교환,europe,Madrid,,900,85,,6.5,,,,,,B1,,,,,,스페인어 필수,,,,
Spain,E0066,Complutense University of Madrid,마드리드콤플루텐세대,자매대학,일반교환,europe,Madrid,,,,,,,,,,,B1,,,,,,스페인어 필수,,,,
Spain,E0067,CEU Cardinal Herrera University,카르디날 에레라대,자매대학,일반교환,europe,Valencia,,800,75,,5.5,,,,,,B1,,,,,,,,FALSE,,
Ireland,E0068,Dublin Institute of Technology,DIT,자매대학,일반교환,europe,Dublin,,,80,,6,,,,,,,,,,TRUE,,,,,FALSE,
Azerbaijan,E0069,Azerbaijan University of Languages,아제르바이잔외국어대,자매대학,일반교환,asia,Baku,,850,80,,6,,,,,,,,,,,,,,FALSE,,
Azerbaijan,E0070,Khazar University,카자대,자매대학,일반교환,asia,Baku,,850,80,,6,,,,,,,,,,,,,,FALSE,,
Azerbaijan,E0071,ADA University,아다대학,자매대학,일반교환,asia,Baku,,,75,,6,,,,,,,,,,,,,,FALSE,FALSE,
England,E0072,University of Keele,킬대,자매대학,일반교환,europe,"Keele, Staffordshire",,,72,,5.5,,,,,,,,,,,,"* IELTS 영역별 5.5점 이상
 * TOEFL (IBT) listening 17, reading 18, speaking 20, writing 17 이상",,FALSE,FALSE,
England,E0073,SOAS Universeity of London,소아스대,자매대학,일반교환,europe,London,,,95,,6.5,,,,,,,,,,,,,,FALSE,FALSE,
England,E0074,University of Central Lancashire,센트럴랭캐셔대,자매대학,일반교환,europe,Preston,,,80,,6,,,,,,,,,,,,"* TOEFL iBT 각 영역별 20 이상
 * IELTS 각 영역별 5.5 이상",,FALSE,FALSE,
England,E0075,York St John University,요크세인트존대,자매대학,일반교환,europe,York,,,75,,6,,,,,,,,,,,,"IELTS 영역별 5.5이상
 TOEFL (Listening 17, Reading 18, Speaking 20, Writing 20이상)
 *BA(Hons) Media Production: Journalism: IELTS 7.5(영역별 7.5이상)",,FALSE,FALSE,
England,E0076,University of Worcester,우스터대,자매대학,일반교환,europe,Worcester,3.3,,76,,6,,,,,,,,,,TRUE,,"* TOEFL: Listening 17/Reading 18/Speaking 20/Writing 17
 * IELTS: 영역별 5.5이상",,,FALSE,
Estonia,E0077,University of Tartu,타루트대,자매대학,일반교환,europe,Tartu,,,75,,5.5,,,,,,,,,,,,,,FALSE,FALSE,
Austria,E0078,Vorarlberg University of Applied Sciences,FHV,자매대학,일반교환,europe,Vorarlberg,,,60,,6,,,,,,,,,,,,,,FALSE,FALSE,
Austria,E0079,"FHWIEN Der WKW 
 (University of Applied Sciences for Management & Communication)",FHWIEN,자매대학,일반교환,europe,Wien,,850,80,,6,,,,,,,,,,,,,,FALSE,,
Ukraine,E0080,Taras Shevchenko National University of Kyiv,키예프국립대,자매대학,일반교환,europe,Kyiv,,850,80,,6,,,,,,,,,,,,,,,,
Italy,E0081,Carlo Cattaneo University,카를로카타네오대학,자매대학,일반교환,europe,Castellanza,,800,75,,5.5,,,,,,,,,,,,,,FALSE,,
Italy,E0082,University of Salerno,살레르노대,자매대학,일반교환,europe,Salerno,,800,75,,5.5,,,,,,,,,,,,,,,,
Italy,E0083,University of Verona,베로나대,자매대학,일반교환,europe,Verona,,785,72,,5.5,,,,,,,B1,B1,,,,,,FALSE,,
Italy,E0084,University of Rome Tor Vergata,로마토르베가타대,자매대학,일반교환,europe,Rome,,750,70,,5,,,,,,,,,,,,,,FALSE,,
Italy,E0085,University of Siena,시에나대,자매대학,일반교환,europe,Siena,,785,72,,5.5,,,,,,,,,,,,,,,,
Italy,E0086,Sapienza University of Rome,사피엔자,자매대학,일반교환,europe,Rome,,,72,,5.5,,,,,,,,,,,,,,FALSE,FALSE,
Italy,E0087,University of Bologna,볼로냐대,자매대학,일반교환,europe,Bologna,,785,72,,5.5,,,,,,,,A2,,,,,,,,
Czech Republic,E0088,Metropolitan University Prague,프라하 메트로폴리탄대,자매대학,일반교환,europe,Prague,,800,75,,5.5,,,,,,,,,,,,,,,,
Czech Republic,E0089,Tomas Bata University,토마스바타대,자매대학,일반교환,europe,Zlin,,785,72,,5.5,,,,,,,,,,,,,,,,
Czech Republic,E0090,University of Hradec Králové,흐라데츠크랄로베대,자매대학,일반교환,europe,Hradec Králové,,,80,,6,,,,,,,,,,,,,,FALSE,FALSE,
Czech Republic,E0091,University of Ostrava,오스트라바대,자매대학,일반교환,europe,Ostrava,,785,72,,5.5,,,,,,,,,,,,,,,,
Czech Republic,E0092,Brno University of Technology,브르노공대,자매대학,일반교환,europe,Brno,,,80,,6,,,,,,,,,,,,,,FALSE,FALSE,
Czech Republic,E0093,Palacky University Olomouc,올로모우츠팔라츠키대,자매대학,일반교환,europe,Olomouc,3,,72,,,,,,,,,,,,,,* TOEFL만 인정(IELTS 제외),,,FALSE,
Croatia,E0094,Algebra University College,알제브라대,자매대학,일반교환,europe,Zagreb,,800,75,,5.5,,,,,,,,,,,,,,,,
Turkey,E0095,Ankara University,앙카라대,자매대학,일반교환,europe,Ankara,,850,80,,6,,,,,,,,,,,,,,FALSE,,
Turkey,E0096,Dicle University,디클대,자매대학,일반교환,europe,Diyarbakır,,,70,,6,,,,,,,,,,,,,,,,
Turkey,E0097,Erciyes University,에르지에스대,자매대학,일반교환,europe,Kayseri,,850,80,,6,,,,,,,,,,,,,,,,
Turkey,E0098,Istanbul Aydin University,이스탄불애이든대,자매대학,일반교환,europe,Istanbul,,850,80,,6,,,,,,,,,,,,,,FALSE,,
Turkey,E0099,Altınbaş University,알틴바쉬대,자매대학,일반교환,europe,Istanbul,,,70,,,,,,,,,,,,,,*IELTS 제외,,FALSE,FALSE,
Turkey,E0100,Marmara University,마르마라대,자매대학,일반교환,europe,Istanbul,,800,75,,5.5,,,,,,,,,,,,,,,,
Turkey,E0101,Sinop University,시놉대,자매대학,일반교환,europe,Sinop,,800,75,,5.5,,,,,,,,,,,,,,,,
Turkey,E0102,Antalya International University (Antalya Bilim University),안탈리아빌림대,자매대학,일반교환,europe,Antalya,,850,80,,6,,,,,,,,,,,,,,,,
Turkey,E0103,Kahramanmaras Sutcu Imam University,카흐라만마라스대,자매대학,일반교환,europe,Kahramanmaraş,,850,8,,6,,,,,,,,,,,,,,,,
Kyrgyzstan,E0104,Osh Technological University,오쉬기술대,자매대학,일반교환,asia,Osh,,750,70,530,5,,,,,,,,,,,,,,,,
Portugal,E0105,Polytechnical Institute of Coimbra,코임브라공대,자매대학,일반교환,europe,Coimbra,,700,60,,4.5,,,,,,,,,,,,,,,,
Poland,E0106,Kozminski University,코즈민스키대,자매대학,일반교환,europe,Warsaw,,,72,,5.5,,,,,,,,,,,,,,FALSE,FALSE,
Poland,E0107,University of Economics in Katowice,카토비체경제대,자매대학,일반교환,europe,Katowice,,785,72,,5.5,,,,,,,,,,,,,,,,
Poland,E0108,Academy of Business in Dabrowa Gornicza,돔브로바고르니차경영대,자매대학,일반교환,europe,Dąbrowa Górnicza,,700,60,,4.5,,,,,,,,,,,,,,,,
Poland,E0109,University of Warsaw,바르샤바대,자매대학,일반교환,europe,Warsaw,,,72,,5.5,,,,,,,,,,FALSE,,,,FALSE,FALSE,
France,E0110,Audencia Nantes School of Management,오덴시아낭뜨경영대,자매대학,일반교환,europe,Nantes,,850,80,,,,,,,,,,,,,,*IELTS 제외,,FALSE,,
France,E0111,Ecole de Management de Normandie,노르망디비즈니스스쿨,자매대학,일반교환,europe,Le Havre,,785,72,,5.5,,,,,,,,,,,,"영어 수업 희망 시: 영어 성적 필요
 프랑스어 수업 희망 시: 프랑스어 성적 필요",,FALSE,,
France,E0112,ESSCA School of Management,ESSCA,자매대학,일반교환,europe,Angers,,785,72,550,5.5,,,,,,,,,,,,,,,,
France,E0113,ESCE International Business School,ESCE,자매대학,일반교환,europe,Paris,,785,72,,5.5,,,,,B2,,,,,,,,,,,
France,E0114,GES Schools' Network,GES 네트워크,자매대학,일반교환,europe,Paris,,,75,,,,,,,,,,,,,,*IELTS 제외,,FALSE,FALSE,
France,E0115,Jean Monnet University,장모네대,자매대학,일반교환,europe,Saint-Étienne,,750,70,,5,,,,,B2,,,,,,,,,FALSE,,
France,E0116,Pôle Universitaire Léonard de Vinci,폴대학교레오나드르드빈치,자매대학,일반교환,europe,Paris,,800,75,,55,,,,,A2,,,,,,,,,,,
France,E0117,SciencesCom,시앙스컴,자매대학,일반교환,europe,Nantes,,850,80,,,,,,,,,,,,,,*IELTS 제외,,FALSE,,
France,E0118,Toulouse Business School,툴루즈경영대,자매대학,일반교환,europe,Toulouse,,,79,,6,,,,,B2,,,,,,,"- 영어: TOEFL 79 이상/IELTS 6.0 이상
 - 프랑스어: DELF B2 이상",,FALSE,FALSE,
France,E0119,University of Clermont-Ferrand,끌레르몽페랑대,자매대학,일반교환,europe,Auvergne,,800,75,,5.5,,,,,B2,,,,,,,,,FALSE,,
France,E0120,University of Burgundy,부르고뉴대,자매대학,일반교환,europe,Burgogne,,,72,,8.5,,,,,,,,,,,,,,FALSE,FALSE,
France,E0121,University of the Littoral Opal Coast,리토랄오팔코스트대,자매대학,일반교환,europe,Dunkerque,,785,72,,8.5,,,,,B2,,,,,,,,,FALSE,,
France,E0122,University Paris-Est Créteil,UPEC,자매대학,일반교환,europe,Paris,,785,72,,8.5,,,,,B2,,,,,,,,,FALSE,,
France,E0123,University Savoie Mont Blanc,사부아몽블랑대,자매대학,일반교환,europe,Chambéry,,800,75,,5.5,,,,,B1,,,,,,,"* 프랑스어 지원자의 경우 B1 소지 학생 또한 지원 가능하나, 학기 내 프랑스어 수업을 들어야함",,,,
France,E0124,Ecole de Management Bretagne Atlantique,EMBA,자매대학,일반교환,europe,Quimper,,700,,,5.5,,,,,,,,,,,,*TOEFL 제외,,,,
France,E0125,Université Bordeaux Montaigne,보르도몽테뉴대,자매대학,일반교환,europe,Bordeaux,,,,,,,,,,B2,,,,,,,,,,,
France,E0126,École pour l'informatique et les nouvelles technologies,EPITECH,자매대학,일반교환,europe,Paris,,,70,,5.5,,,,,A2,,,,,,,,,FALSE,FALSE,
France,E0127,L'école supérieure des professions immobilières,ESPI,자매대학,일반교환,europe,Paris,,,75,,5.5,,,,,A2,,,,,,,,,FALSE,FALSE,
France,E0128,University of Paris 13,파리 13대학,자매대학,일반교환,europe,Villetaneuse,,785,72,,5.5,,,,,B2,,,,,,,,,,,
France,E0129,Higher Institute Management And Communication,ISMAC,자매대학,일반교환,europe,Paris,,800,75,,5.5,,,,,,,,,,,,,,,,
France,E0130,University of toulouse jean jaures,툴루즈쟝조헤스대,자매대학,일반교환,europe,Toulouse,,,,,,,,,,B2,,,,,,,,,,,
France,E0131,University of Strasbourg,스트라스부르대,자매대학,일반교환,europe,Alsace,,,,,,,,,,B1,,,,,,,"학과에 따라 필요 어학 성적이 다름.
 Fact-sheet 참조",,,,
France,E0132,Ecole Superieure de Chimie Organique et Minerale,ESCOM,자매대학,일반교환,europe,Compiègne,,,,,,,,,,B1,,,,,,,,,,,
Finland,E0134,Oulu University of Applied Sciences,오울루대,자매대학,일반교환,europe,Oulu,,800,75,,5.5,,,,,,,,,,,,,,,,
Finland,E0135,Savonia University of Applied Sciences,사보니아대,자매대학,일반교환,europe,Kuopio,,,80,,6,,,,,,,,,,,,,,,FALSE,
Finland,E0136,Tampere University of Applied Sciences,탐페레대,자매대학,일반교환,europe,Tampere,,,72,,5.5,,,,,,,,,,,,,,,FALSE,
Finland,E0137,Helsinki Metropolia University of Applied Sciences,헬싱키메트로폴리아과학대,자매대학,일반교환,europe,Helsinki,,800,75,,5.5,,,,,,,,,,,,,,,,
Hungary,E0138,Budapest Metropolitan University,부다페스트메트로폴리탄대,자매대학,일반교환,europe,Budapest,,,72,,5.5,,,,,,,,,,,,,,FALSE,FALSE,
Hungary,E0139,Károli Gáspár University of the Reformed Church in Hungary,KRE,자매대학,일반교환,europe,Budapest,,450,60,,5,,,,,,,,,,,,"* TOEFL 영역별 15점 이상
 * IELTS Reading/Listening 5.5이상, Writing/Speaking 5.0이상",,,,
Guatemala,E0140,Rafael Landivar University,라파엘란디바르대,자매대학,일반교환,sa,Guatemala City,,800,75,,5.5,,,,,,B1,,,,,,,,FALSE,,
Dominican Republic,E0141,Santo Domingo Institute of Technology,INTEC,자매대학,일반교환,sa,Santo Domingo,,800,75,,5.5,,,,,,B1,,,,,,,,FALSE,,
Dominican Republic,E0142,Ibero-Americana University,이베로아메리카나대,자매대학,일반교환,sa,Santo Domingo,,800,75,,5.5,,,,,,B1,,,,,,,,FALSE,,
Mexico,E0143,Regiomontana University,레지오몬따나대,자매대학,일반교환,sa,Monterrey,,800,75,,5.5,,,,,,B1,,,,,,,,FALSE,,
Mexico,E0144,University of Monterrey,몬테레이대,자매대학,일반교환,sa,Monterrey,,800,75,,5.5,,,,,,B1,,,,,,,,FALSE,,
Mexico,E0145,Sonora Institute of Technology,소노라공대,자매대학,일반교환,sa,Sonora,,800,75,,5.5,,,,,,B1,,,,,,,,FALSE,,
Mexico,E0146,"Universidad La Salle, Laguna","라사예대, 라구나",자매대학,일반교환,sa,Mexico City,,800,75,,5.5,,,,,,B1,,,,,,,,FALSE,,
Mexico,E0147,The Business School of Mexico,멕시코 경영대학,자매대학,일반교환,sa,Mexico City,,800,75,,5.5,,,,,,,,,,,,,,,,
Brazil,E0148,Pontifical Catholic University of Minas Gerais,PUCMINAS,자매대학,일반교환,sa,Belo Horizonte,,800,,,,,,,,,,,,"Intermediario
 Superior",,,"*TOEFL, IELTS 제외",,FALSE,,
Brazil,E0149,São Paulo State University,UNESP,자매대학,일반교환,sa,São Paulo,,800,,,,,,,,,,,,"Intermediario
 Superior",,,"*TOEFL, IELTS 제외",,FALSE,,
Brazil,E0150,University of Vale Do Itajai,바레도이타자야대,자매대학,일반교환,sa,Itajai,,800,,,,,,,,,,,,"Intermediario
 Superior",,,"*TOEFL, IELTS 제외",,FALSE,,
Brazil,E0151,Federal University of Viçosa,비코사연방대,자매대학,일반교환,sa,Viçosa,,800,,,,,,,,,,,,"Intermediario
 Superior",,,"*TOEFL, IELTS 제외",,FALSE,,
Brazil,E0152,University Center - Senac,세낙대,자매대학,일반교환,sa,São Paulo,,800,,,,,,,,,,,,"Intermediario
 Superior",,,"*TOEFL, IELTS 제외",,FALSE,,
Brazil,E0153,University of Fortaleza,포르탈레자대,자매대학,일반교환,sa,Fortaleza,,800,,,,,,,,,,,,"Intermediario
 Superior",,,"*TOEFL, IELTS 제외",,FALSE,,
Brazil,E0154,Positivo University,포지티보대,자매대학,일반교환,sa,Curitiba,,,,,,,,,,,,,,,,,,,,,
Argentina,E0156,National University of Cuyo,꾸요국립대,자매대학,일반교환,sa,São Paulo,,800,75,,5.5,,,,,,B1,,,,,,,,FALSE,,
Argentina,E0157,Universidad de Mendoza,멘도자대,자매대학,일반교환,sa,Mendoza,,800,75,,5.5,,,,,,B1,,,,,,,,FALSE,,
Equador,E0158,"Espiritu Santo University, Guayaquil",UEES,자매대학,일반교환,sa,Mendoza,,800,75,,5.5,,,,,,B1,,,,,,,,FALSE,,
Equador,E0159,Universidad ECOTEC,에코텍대,자매대학,일반교환,sa,Guayaquil,,800,75,,5.5,,,,,,B1,,,,,,,,FALSE,,
Equador,E0160,Universidad International del Ecuador,UIDE,자매대학,일반교환,sa,Samborondón,3.15,,,,,,,,,,B1,,,,,,,,,,
Uruguay,E0161,Universidad Tecnológica,UTEC,자매대학,일반교환,sa,Quito,,800,75,545,5.5,,,,,,,,,,,,,,,,
Chile,E0162,Andrés Bello National University,안드레스벨로대,자매대학,일반교환,sa,El Salvador,,800,75,545,5.5,,,,,,B1,,,,,,,,,,
Chile,E0163,University Finis Terrae,피니스테래대,자매대학,일반교환,sa,Santiago,,,,,,,,,,,B2,,,,,,,,,,
Columbia,E0164,The University of La Sabana,라사바나대,자매대학,일반교환,sa,Santiago,,800,75,,5.5,,,,,,B1,,,,,,,,FALSE,,
Peru,E0165,St. Ignacio de Loyola University,USIL,자매대학,일반교환,sa,Cundinamarca,,800,75,,5.5,,,,,,B1,,,,,,,,FALSE,,
Peru,E0166,Peruvian University of Applied Sciences,페루 UPC,자매대학,일반교환,sa,Lima,,800,75,545,5.5,,,,,,,,,,,,,,,,
Tunisia,E0167,The University of Carthage,카르타고대,자매대학,일반교환,africa,Lima,,800,75,545,5.5,,,,,,,,,,,,,,,,
Taiwan,E0168,National Central University(國立中央大學),국립중앙대,자매대학,일반교환,asia,Tunis,,750,70,,,4,,,,,,,,,,,*IELTS 제외,,FALSE,,
Taiwan,E0169,Soochow University(東吳大學),동오대학,자매대학,일반교환,asia,Miaoli,,750,70,,,4,,,,,,,,,,,*IELTS 제외,,FALSE,,
Taiwan,E0170,National Chung Cheng University(國立中正大學),중정대,자매대학,일반교환,asia,Taipei,,750,70,,,4,,,,,,,,,,,*IELTS 제외,,FALSE,,
Taiwan,E0171,Tunghai University(東海大學),텅하이대,자매대학,일반교환,asia,Chiayi,3.7,850,80,,,4,,,,,,,,,,,*IELTS 제외,,FALSE,,
Taiwan,E0172,Providence University(靜宜大學),프로비던스대,자매대학,일반교환,asia,Taichung,,750,70,,,4,,,,,,,,,,,*IELTS 제외,,FALSE,,
Taiwan,E0173,Fu Jen Catholic University(輔仁大學),푸젠카톨릭대,자매대학,일반교환,asia,Taichung,,,80,,6,4,,,,,,,,,,,,,FALSE,FALSE,
Taiwan,E0174,Aletheia University(真理大學),진리대학,자매대학,일반교환,asia,New Taipei,,750,70,530,5,4,,,,,,,,,,,,,,,
Taiwan,E0175,Chang Jung Christian University(長榮大學),장정기독교대,자매대학,일반교환,asia,New Taipei,,850,80,560,6,4,,,,,,,,,,,,,,,
Taiwan,E0176,National University of Kaohsiung,가오슝 국립대,자매대학,일반교환,asia,Tainan,,,,,,5,,,,,,,,,,,,,,,
Taiwan,E0177,Chung Hua University (中華大學),중화대,자매대학,일반교환,asia,Kaohsiung,,,,,,5,,,,,,,,,,,,,,,
Taiwan,E0178,Chung Yuan Christian University,중원대,자매대학,일반교환,asia,New Taipei,,,,,,5,,,,,,,,,,,,,,,
Malaysia,E0179,University of Malaya,말라야대,자매대학,일반교환,asia,North Taiwan,,,80,560,6,,,,,,,,,,,,,,,FALSE,
Malaysia,E0180,Multimedia University,멀티미디어대,자매대학,일반교환,asia,Kuala Lumpur,,800,75,,5.5,,,,,,,,,,,,,,FALSE,,
Malaysia,E0181,Universitiy Tenaga Nasional,뜨나가국립대,자매대학,일반교환,asia,"Cyberjaya, Melaka",,800,75,,5.5,,,,,,,,,,,,,,FALSE,,
Malaysia,E0182,Taylor's University,테일러스대,자매대학,일반교환,asia,Selangor,,900,85,600,6.5,,,,,,,,,,,,,,,,
Malaysia,E0183,Universiti Kuala Lumpur,UniKL,자매대학,일반교환,asia,Subang Jaya,,800,75,545,6.5,,,,,,,,,,,,,,,,
Malaysia,E0184,Universiti Tunku Abdul Rahman Kampar Malaysia,UTAR,자매대학,일반교환,asia,Kuala Lumpur,,900,85,600,6.5,,,,,,,,,,,,,,,,
Vietnam,E0185,Ton Duc Thang University,똔득탕대,자매대학,일반교환,asia,Kampar,,750,70,530,5,,,,,,,,,,,,,,,,
Mongolia,E0186,Mongolia International University,몽골국제대,자매대학,일반교환,asia,Ho Chi Minh,,700,70,,,,,,,,,,,,,,,,,,
Uzbekistan,E0187,Tashkent University of Information Technologies,타쉬켄트IT대,자매대학,일반교환,asia,Ulaanbaatar,,800,75,,5.5,,,,,,,,,,,,,,FALSE,,
Indonesia,E0190,Petra Christian University,페트라크리스천대,자매대학,일반교환,asia,Tashkent,,800,75,,5.5,,,,,,,,,,,,,,FALSE,,
Indonesia,E0191,Pelita Harapan University,펠리타하라판대,자매대학,일반교환,asia,samarkand,,800,75,,5.5,,,,,,,,,,,,,,FALSE,,
Indonesia,E0192,Binus University,비너스대,자매대학,일반교환,asia,Tashkent,,800,75,545,5.5,,,,,,,,,,,,,,,,
Indonesia,E0193,University of Indonesia,인도네시아 국립대,자매대학,일반교환,asia,Surabaya,,800,75,545,5.5,,,,,,,,,,,,,,,,
Indonesia,E0194,"Atma Jaya University, Yogyakarta",아트마 자야대,자매대학,일반교환,asia,Tangerang,,800,75,545,5.5,,,,,,,,,,,,,,,,
Indonesia,E0195,Gadjah Mada University,가자 마다대,자매대학,일반교환,asia,Jakarta,,,75,,5.5,,,,,,,,,,,,,,FALSE,FALSE,
Singapore,E0196,PSB Academy,PSB Academy,자매대학,일반교환,asia,Jakarta,,785,70,,5.5,,,,,,,,,,,,"*어학 성적 별 세부 기준 충족 필요
 (IELTS(Writing 4.5이상) / TOEFL(Writing 16점 이상)/ TOEIC(LC 400 / RC 385 이상)",,,,
Japan,E0197,Meiji Gakuin University(明治学院大学),메이지가쿠인대(명치학원대),자매대학,일반교환,asia,Yogyakarta,,,70,530,5.5,,N2,600,,,,,,,,,,,,FALSE,
Japan,E0198,Sapporo Gakuin University(札幌学院大学),삿포로가쿠인대(삿포로학원대),자매대학,일반교환,asia,Yogyakarta,,,,,,,N2,600,,,,,,,,,,,,,
Japan,E0199,J. F. Oberlin University(桜美林大学),JF 오베린대,자매대학,일반교환,asia,Singapore,,,,,,,N2,600,,,,,,,,,,,,,
Japan,E0200,"Osaka University of Economics and Law
 (大阪経済法科大学)",오사카경법대,자매대학,일반교환,asia,Yokohama,,,,,,,N2,600,,,,,,,,,,,,,
Japan,E0201,Momoyama Gakuin University(桃山学院大学),모모야마가쿠인대(모모야마학원대),자매대학,일반교환,asia,Sapporo,,,,,,,N2,600,,,,,,,,,,,,,
Japan,E0202,Shinshu University,신슈대,자매대학,일반교환,asia,Tokyo,,,,,,,N2,600,,,,,,,,,,,,,
Japan,E0203,Teikyo University,데이쿄대,자매대학,일반교환,asia,Osaka,,,,,,,N2,600,,,,,,,,,,,,,
Japan,E0204,Otsuma Women's University,오츠마여대,자매대학,일반교환,asia,Osaka,,,,,,,N2,600,,,,,,,,,,,,,
Japan,E0205,Nagoya University of Foreign Studies,나고야외국어대,자매대학,일반교환,asia,Matsumoto,,850,80,560,6,,N2,600,,,,,,,,,,,,,
Japan,E0206,Kanda University of International Studies,칸다외국어대학,자매대학,일반교환,asia,Tokyo,,,,,,,N1,900,,,,,,,,,,,,,
Japan,E0207,Setsunan University,세츠난대학,자매대학,일반교환,asia,Tokyo,,,,,,,N2,600,,,,,,,,,,,,,
Japan,E0208,Nagoya Gakuin University,나고야가쿠인대(나고야학원대),자매대학,일반교환,asia,Nagoya,,700,60,,4.5,,N2,,,,,,,,,,*JPT 제외,,FALSE,,
Japan,E0209,Japan University of Economics,일본경제대,자매대학,일반교환,asia,Chiba,,,,,,,N2,600,,,,,,,,,,,,,
Japan,E0210,Saga Women's Junior College,사가여자단기대,자매대학,일반교환,asia,Osaka,,,,,,,N2,600,,,,,,,,,,,,,
China,E0211,Jilin 자매대학 University(吉林师范大学),길림사범대,자매대학,일반교환,asia,Nagoya,,,,,,5,,,,,,,,,,,,,,,
China,E0212,Nanjing University(南京大学),난징대,자매대학,일반교환,asia,"Dazaifu, Fukuoka",,,70,,6,5,,,,,,,,,,,,,FALSE,FALSE,
China,E0213,Dalian Minzu University(大连民族学院),대련민족대,자매대학,일반교환,asia,Saga,,,,,,4,,,,,,,,,,,,,,,
China,E0214,"College of Humanities & Sciences of 
 Northeast 자매대학 University
 (东北师范大学人文学院)",동북사범대-인문대학,자매대학,일반교환,asia,Jilin,,,,,,4,,,,,,,,,,,,,,,
China,E0215,Donghua University (东华大学),동화대,자매대학,일반교환,asia,Jiangsu,,850,80,,6,5,,,,,,,,,,,,,FALSE,,
China,E0216,"Beijing University of Posts and Telecommunications
 (北京邮电大学)",북경우전대학,자매대학,일반교환,asia,Dalian,,,,,,4,,,,,,,,,,,,,,,
China,E0217,"Shandong University, Weihai(山东大学, 威海)",산동대-위해,자매대학,일반교환,asia,Changchun,,850,80,,6,4,,,,,,,,,,,,,,,
China,E0218,Shandong 자매대학 University(山东师范大学),산동사범대,자매대학,일반교환,asia,Shanghai,,,,,,4,,,,,,,,,,,,,,,
China,E0219,China Three Gorges University(三峡大学),삼협대,자매대학,일반교환,asia,Beijing,,,,,5,4,,,,,,,,,,,TOEFL(IBT) 제외,,FALSE,FALSE,
China,E0220,Northwestern Polytechnical University(西北工业大学),서북공업대학,자매대학,일반교환,asia,Shandong,,,,,6,4,,,,,,,,,,,TOEFL(IBT) 제외,,FALSE,FALSE,
China,E0221,Shenyang Aerospace University(沈阳航空航天大学),심양항공대,자매대학,일반교환,asia,Shandong,,,,,,4,,,,,,,,,,,,,,,
China,E0222,Shenzhen University(深圳大学),심천대,자매대학,일반교환,asia,Hubei,,,80,560,5.5,5,,,,,,,,,,,,,,FALSE,
China,E0223,Yangtze University(长江大学),장강대,자매대학,일반교환,asia,Xi An,,,,,,4,,,,,,,,,,,,,,,
China,E0224,Jinan University(暨南大学),지난대,자매대학,일반교환,asia,Liaoning,,800,75,545,5.5,4,,,,,,,,,,,,,,,
China,E0225,Changshu Institute Of Technology(常熟理工学院),상숙이공대,자매대학,일반교환,asia,Shenzhen,,,,,,4,,,,,,,,,,,,,,,
China,E0226,Yantai University(烟台大学),연태대,자매대학,일반교환,asia,Hubei,,,,,,4,,,,,,,,,,,,,,,
China,E0227,Zhengzhou University of Light Industry (郑州轻工业学院),정주경공업대,자매대학,일반교환,asia,Guangzhou,,700,60,515,4.5,4,,,,,,,,,,,,,,,
China,E0228,Xi'an International Studies University (西安外国语大学),서안외국어대,자매대학,일반교환,asia,Changshu,,700,60,515,4.5,4,,,,,,,,,,,,,,,
China,E0229,Qingdao Agricultural University (青岛农业大学),청도농업대,자매대학,일반교환,asia,Yantai,,,80,560,5,4,,,,,,,,,TRUE,TRUE,,,,FALSE,TRUE
China,E0230,Henan University,하남대,자매대학,일반교환,asia,Zhengzhou,,,,,,4,,,,,,,,,,,,,,,
China,E0231,Tianjin 자매대학 University (天津师范大学),텐진사범대,자매대학,일반교환,asia,Xi An,,,,,,4,,,,,,,,,,,,,,,
China,E0232,Shandong University of Science and Technology (山东科技大学),산동과기대,자매대학,일반교환,asia,Qingdao,,,,,,4,,,,,,,,,,,,,,,
China,E0233,Hainan 자매대학 University ( 海南师范大学),해남사범대,자매대학,일반교환,asia,Kaifeng,,,,,,4,,,,,,,,,,,,,,,
China,E0234,Hunan 자매대학 University ( 湖南师范大学),호남사범대,자매대학,일반교환,asia,Tianjin,,,,,,4,,,,,,,,,,,,,,,
China,E0235,University of Jinan (中国济南大学),지난대,자매대학,일반교환,asia,Qingdao,,,,,,4,,,,,,,,,,,,,,,
China,E0236,Jiangsu University of Technology,장쑤이공대,자매대학,일반교환,asia,Haikou,,,75,545,5.5,4,,,,,,,,,,,"*영어 강의 수강 시, 영어 성적 필수",,,FALSE,
Bangladesh,E0237,Daffodil Internaitonal University,다포딜국제대학,자매대학,일반교환,asia,Changsha,3,800,75,545,5.5,,,,,,,,,,,,,,,,
Kazakhstan,E0238,Kazakh-British Technical University,카작브리티시대,자매대학,일반교환,asia,Jinan,,800,75,,5.5,,,,,,,,,,,,,,FALSE,,
Thailand,E0239,Payap University,파얍대,자매대학,일반교환,asia,Xuzhou,,,80,,,,,,,,,,,,,,*IELTS 제외,,FALSE,FALSE,
Thailand,E0240,Sirindhorn International Institute of Technology,SIIT,자매대학,일반교환,asia,Dhaka,,750,70,530,,,,,,,,,,,,,*IELTS 제외,,,,
Thailand,E0241,Chiang Mai University,치앙마이대,자매대학,일반교환,asia,Almaty,,800,75,545,5.5,,,,,,,,,,,,,,,,
Hong Kong,E0242,Lingnan University(嶺南大學),링난대,자매대학,일반교환,asia,Chiang Mai,,,80,,6,,,,,,,,,,TRUE,FALSE,,,FALSE,FALSE,FALSE
Hong Kong,E0243,The Education University of Hong Kong(香港教育學院),홍콩교육대,자매대학,일반교환,asia,Pathum Thani,,,80,,6,,,,,,,,,,,FALSE,,,FALSE,FALSE,FALSE
Hong Kong,E0244,The Hong Kong Polytechnic University(香港理工大学),홍콩이공대,자매대학,일반교환,asia,Chiang Mai,,,80,,6,,,,,,,,,,,,,,FALSE,FALSE,
Hong Kong,E0245,Hong Kong Shue Yan University (香港樹仁大學),홍콩슈옌대,자매대학,일반교환,asia,Tuen Mun,,,80,,6,,,,,,,,,,,,,,FALSE,FALSE,
Hong Kong,E0246,Hong Kong Baptist University,홍콩침례대,ACUCA,일반교환,asia,Tai Po,2.5,,,,,,,,,,,,,,,,,,,,
Hong Kong,E0247,"Chinese University of Hong Kong, Chung Chi College",홍콩중문대,ACUCA,일반교환,asia,Hung Hom,2.5,,,,,,,,,,,,,,,,,,,,
Hong Kong,E0248,Lingnan University(嶺南大學),링난대,ACUCA,일반교환,asia,Hung Hom,2.5,,,,,,,,,,,,,,,,,,,,
India,E0249,Christ University,크라이스트대,ACUCA,일반교환,asia,,2.5,,,,,,,,,,,,,,,,,,,,
India,E0250,Lady Doack College,레이디독대,ACUCA,일반교환,asia,,2.5,,,,,,,,,,,,,,,,,,,,
Indonesia,E0251,Atma Jaya Catholic University Indonesia,아트마자야카톨릭대 (인도네시아),ACUCA,일반교환,asia,,2.5,,,,,,,,,,,,,,,,,,,,
Indonesia,E0252,Atma Jaya Catholic University Yogyakarta,아트마자야카톨릭대 (Yogyakarta),ACUCA,일반교환,asia,,2.5,,,,,,,,,,,,,,,,,,,,
Indonesia,E0253,Maranatha Christian University,마라나타 크리스쳔대,ACUCA,일반교환,asia,,2.5,,,,,,,,,,,,,,,,,,,,
Indonesia,E0254,Sanata Dharma University,USD,ACUCA,일반교환,asia,,2.5,,,,,,,,,,,,,,,,,,,,
Indonesia,E0255,Soegijapranata Catholic University,서기자프라나타카톨릭대,ACUCA,일반교환,asia,,2.5,,,,,,,,,,,,,,,,,,,,
Indonesia,E0256,Parahyangan Catholic University,UNPAR,ACUCA,일반교환,asia,,2.5,,,,,,,,,,,,,,,,,,,,
Indonesia,E0257,Petra Christian University,페트라크리스천대,ACUCA,일반교환,asia,,2.5,,,,,,,,,,,,,,,,,,,,
Indonesia,E0258,Satya Wacana Christian University,사트야와카나크리스쳔대,ACUCA,일반교환,asia,,2.5,,,,,,,,,,,,,,,,,,,,
Indonesia,E0259,Duta Wacana Christian University,두타와카나크리스쳔대,ACUCA,일반교환,asia,,2.5,,,,,,,,,,,,,,,,,,,,
Indonesia,E0260,Pelita Harapan University,펠리타하라판대,ACUCA,일반교환,asia,,2.5,,,,,,,,,,,,,,,,,,,,
Indonesia,E0261,Krida Wacana Christian University,크리다와카나크리스쳔대,ACUCA,일반교환,asia,,2.5,,,,,,,,,,,,,,,,,,,,
Indonesia,E0262,Dhyana Pura University,댜나푸라대,ACUCA,일반교환,asia,,2.5,,,,,,,,,,,,,,,,,,,,
Myanmar,E0263,Myanmar Institute of Theology,미얀마신학대,ACUCA,일반교환,asia,,2.5,,,,,,,,,,,,,,,,,,,,
Japan,E0264,International Christian University,국제기독교대,ACUCA,일반교환,asia,,2.5,,,,,,,,,,,,,,,,,,,,
Japan,E0265,Kwansei Gakuin University,간세이가쿠인대,ACUCA,일반교환,asia,,2.5,,,,,,,,,,,,,,,,,,,,
Japan,E0266,Meiji Gakuin University(明治学院大学),메이지가쿠인대(명치학원대),ACUCA,일반교환,asia,,2.5,,,,,,,,,,,,,,,,,,,,
Japan,E0267,Momoyama Gakuin University,모모야마가쿠인대,ACUCA,일반교환,asia,,2.5,,,,,,,,,,,,,,,,,,,,
Japan,E0268,Doshisha University,도시샤대,ACUCA,일반교환,asia,,2.5,,,,,,,,,,,,,,,,,,,,
Japan,E0269,J. F. Oberlin University(桜美林大学),JF 오베린대,ACUCA,일반교환,asia,,2.5,,,,,,,,,,,,,,,,,,,,
Japan,E0270,Osaka Jogakuin,오사카조가쿠인,ACUCA,일반교환,asia,,2.5,,,,,,,,,,,,,,,,,,,,
Japan,E0271,Hiroshima Jogakuin University,히로시마조카쿠인대,ACUCA,일반교환,asia,,2.5,,,,,,,,,,,,,,,,,,,,
Japan,E0272,Kobe College,코베대,ACUCA,일반교환,asia,,2.5,,,,,,,,,,,,,,,,,,,,
Japan,E0273,Seinan Gakuin University,세이난가쿠인대,ACUCA,일반교환,asia,,2.5,,,,,,,,,,,,,,,,,,,,
Japan,E0274,Nanzan University,난잔대,ACUCA,일반교환,asia,,2.5,,,,,,,,,,,,,,,,,,,,
Philippines,E0275,Ateneo De Manila University,애트니오데마닐라대,ACUCA,일반교환,asia,,2.5,,,,,,,,,,,,,,,,,,,,
Philippines,E0276,Central Phillippine University,일로일로대,ACUCA,일반교환,asia,,2.5,,,,,,,,,,,,,,,,,,,,
Philippines,E0277,De La Salle University,라샬대,ACUCA,일반교환,asia,,2.5,,,,,,,,,,,,,,,,,,,,
Philippines,E0278,Filamer Christian University,필래머 크리스쳔대,ACUCA,일반교환,asia,,2.5,,,,,,,,,,,,,,,,,,,,
Philippines,E0279,Silliman University,실리만대,ACUCA,일반교환,asia,,2.5,,,,,,,,,,,,,,,,,,,,
Philippines,E0280,Trinity University of Asia,트리니티대,ACUCA,일반교환,asia,,2.5,,,,,,,,,,,,,,,,,,,,
Philippines,E0281,Miriam College,미리엄대,ACUCA,일반교환,asia,,2.5,,,,,,,,,,,,,,,,,,,,
Philippines,E0282,Philippine Christian University,필리핀크리스쳔대,ACUCA,일반교환,asia,,2.5,,,,,,,,,,,,,,,,,,,,
Philippines,E0283,De La Salle University - Dasmarinas,드라살대-다스마리나스,ACUCA,일반교환,asia,,2.5,,,,,,,,,,,,,,,,,,,,
Philippines,E0284,Assumption College,어썸션대,ACUCA,일반교환,asia,,2.5,,,,,,,,,,,,,,,,,,,,
Philippines,E0285,La Consolacion University,라콘솔라시온대,ACUCA,일반교환,asia,,2.5,,,,,,,,,,,,,,,,,,,,
Philippines,E0286,Phillippine Women's University,필리핀여대,ACUCA,일반교환,asia,,2.5,,,,,,,,,,,,,,,,,,,,
Philippines,E0287,St. Paul University Phillippines,세인트폴대,ACUCA,일반교환,asia,,2.5,,,,,,,,,,,,,,,,,,,,
Taiwan,E0288,Chung Yuan Christian University,중원대,ACUCA,일반교환,asia,,2.5,,,,,,,,,,,,,,,,,,,,
Taiwan,E0289,WenZao Ursuline College of Languages,원자오외국어대,ACUCA,일반교환,asia,,2.5,,,,,,,,,,,,,,,,,,,,
Taiwan,E0290,St. John's University,세인트존스대,ACUCA,일반교환,asia,,2.5,,,,,,,,,,,,,,,,,,,,
Taiwan,E0291,Chang Jung Christian University(長榮大學),장정기독교대,ACUCA,일반교환,asia,,2.5,,,,,,,,,,,,,,,,,,,,
Taiwan,E0292,Fu Jen Catholic University(輔仁大學),푸젠카톨릭대,ACUCA,일반교환,asia,,2.5,,,,,,,,,,,,,,,,,,,,
Taiwan,E0293,Soochow University(東吳大學),동오대학,ACUCA,일반교환,asia,,2.5,,,,,,,,,,,,,,,,,,,,
Taiwan,E0294,Providence University(靜宜大學),프로비던스대,ACUCA,일반교환,asia,,2.5,,,,,,,,,,,,,,,,,,,,
Taiwan,E0295,Tunghai University(東海大學),텅하이대,ACUCA,일반교환,asia,,2.5,,,,,,,,,,,,,,,,,,,,
Taiwan,E0296,Aletheia University(真理大學),진리대학,ACUCA,일반교환,asia,,2.5,,,,,,,,,,,,,,,,,,,,
Thailand,E0297,Payap University,파얍대,ACUCA,일반교환,asia,,2.5,,,,,,,,,,,,,,,,,,,,
Thailand,E0298,Assumption University,어섬션대,ACUCA,일반교환,asia,,2.5,,,,,,,,,,,,,,,,,,,,
Thailand,E0299,Asia-Pacific International,아시아퍼시픽국제외국인학교,ACUCA,일반교환,asia,,2.5,,,,,,,,,,,,,,,,,,,,
Thailand,E0300,Christian University of Thailand,크리스찬대,ACUCA,일반교환,asia,,2.5,,,,,,,,,,,,,,,,,,,,
Canada,E0301,Bishop's University,비숍스대,BCI,일반교환,na,"Sherbrooke, QC",,,90,,6.5,,,,,,,,,,,,https://www.ubishops.ca/future-current-students/admission-process/providing-proof-of-english-language-proficiency/,,FALSE,FALSE,
Canada,E0302,Université du Québec à Trois-Rivières,퀘벡아트루아리비에르대,BCI,일반교환,na,"Trois-Rivières, QC",,800,75,545,5.5,,,,,B2,,,,,,,,,,,
Canada,E0303,Université du Québec en Outaouais (UQO),퀘벡엔우타웨대,BCI,일반교환,na,"Gatineau, QC",,800,75,545,5.5,,,,,B2,,,,,,,,,,,
Canada,E0304,Université du Québec en Abitibi-Témiscamingue (UQAT),퀘벡엔아비티비테미스카밍게대,BCI,일반교환,na,"Rouyn-Noranda, QC",,800,75,545,5.5,,,,,B2,,,,,,,,,,,
Canada,E0305,Université du Québec à Rimouski (UQAR),퀘백엔히무스끼대,BCI,일반교환,na,"Rimouski Lévis, QC",,,,,,,,,,B2,,,,,,,,,,,
Canada,E0306,Université de Sherbrooke,셔브룩대,BCI,일반교환,na,"Sherbrooke, QC",,,,,,,,,,B2,,,,,,,,,,,
Canada,E0307,Université Laval,라발대,BCI,일반교환,na,"Quebec city, QC",,800,75,545,5.5,,,,,B2,,,,,,,,,,,
Canada,E0308,École de Technologie Supérieure (ÉTS),ÉTS,BCI,일반교환,na,"Montreal, QC",,,,,,,,,,B2,,,,,,,,,,,
United States,V01,Angelo State University,엔젤로주립대,자매대학,방문교환,na,"San Angelo, TX",,,80,,6.5,,,,,,,,,,,,,,FALSE,FALSE,
United States,V02,Northwest University,노쓰웨스트대,자매대학,방문교환,na,"Kirkland, WA",,850,80,560,6,,,,,,,,,,,,,,,,
United States,V03,Black Hills State University,블랙힐스주립대,자매대학,방문교환,na,"Spearfish, SD",,,70,,5.5,,,,,,,,,,,,,,FALSE,FALSE,
United States,V04,University of Mississippi,미시시피대,자매대학,방문교환,na,"University, MS",,,80,,6,,,,,,,,,,,,,,FALSE,FALSE,
United States,V05,SUNY Stony Brook,스토니브룩대,자매대학,방문교환,na,"Stony Brook, NY",,,80,,6,,,,,,,,,,TRUE,,,,FALSE,FALSE,
United States,V06,Emporia State University,엠포리아주립대,자매대학,방문교환,na,"Emporia, KS",,,75,,5.5,,,,,,,,,,,,,,FALSE,FALSE,
United States,V07,Oklahoma State University,오클라호마주립대,자매대학,방문교환,na,"Stillwater, OK",,,70,,5.5,,,,,,,,,,,,,,FALSE,FALSE,
United States,V08,Otterbein University,오터바인대,자매대학,방문교환,na,"Westerville, OH",,,80,,6,,,,,,,,,,,,,,FALSE,FALSE,
United States,V09,Illinois Institute of Technology,일리노이공대,자매대학,방문교환,na,"Chicago, IL",,,80,,6,,,,,,,,,,,,,,FALSE,FALSE,
United States,V10,University of California at Riverside,"캘리포니아대, 리버사이드",자매대학,방문교환,na,"Riverside, CA",,,80,,6,,,,,,,,,,,,,,FALSE,FALSE,
United States,V11,"California State University, Monterey Bay","캘리포니아주립대, 몬테레이베이",자매대학,방문교환,na,"Seaside, CA",,,70,,6,,,,,,,,,,,,,,FALSE,FALSE,
United States,V12,"California State University, Bakersfield","캘리포니아주립대, 베이커스필드",자매대학,방문교환,na,"Bakersfield, CA",,,70,,6,,,,,,,,,,,,,,FALSE,FALSE,
United States,V13,University of Nebraska at Kearney,"네브래스카대, 커니",자매대학,방문교환,na,"Kearney, NE",,,70,,6,,,,,,,,,,,,,,FALSE,FALSE,
United States,V14,Temple University,템플대,자매대학,방문교환,na,"Philadelphia, PA",,,80,,6,,,,,,,,,,,,,,FALSE,FALSE,
United States,V15,"Boston University, MET",보스턴대,자매대학,방문교환,na,"Boston, MA",,,85,,6.5,,,,,,,,,,,,,,FALSE,FALSE,
United States,V16,"California State University, San Marcos","캘리포니아주립대, 산마르코스",자매대학,방문교환,na,"San Marcos, CA",,,70,,6,,,,,,,,,,,,,,FALSE,FALSE,
United States,V17,San Francisco State University,샌프란시스코주립대,자매대학,방문교환,na,"San Francisco, CA",,,70,,6,,,,,,,,,,,,,,FALSE,FALSE,
Canada,V18,Vancouver Island University,밴쿠버아일랜드대,자매대학,방문교환,na,"Vancouver, BC",,,85,,6.5,,,,,,,,,,,,,,FALSE,FALSE,
England,V19,University of Leicester,레스터대,자매대학,방문교환,europe,Leicester,,,,,6.5,,,,,,,,,,,,*학과별 상이: factsheet 및 상대교홈페이지 확인,,,,
England,V20,University of Manchester,맨체스터대,자매대학,방문교환,europe,Manchester,,,85,,6,,,,,,,,,,,,* IELTS 영역별 5.5 이상,,FALSE,FALSE,
England,V21,Heriot-Watt University,헤리엇와트대,자매대학,방문교환,europe,Edinburgh,,,,,6,,,,,,,,,,,,*TOEFL(IBT) 제외,,FALSE,FALSE,
Australia,V22,Bond University,본드대,자매대학,방문교환,oceania,"Gold Coast, Queensland",,,80,,6.5,,,,,,,,,,,,,,FALSE,FALSE,
Australia,V23,The University of Adelaide,애들레이드대,자매대학,방문교환,oceania,Adelaide,,850,80,560,6.5,,,,,,,,,,,,,,,,
Japan,V24,Shinshu University,신슈대,자매대학,방문교환,asia,Matsumoto,,850,80,560,,,,,,,,,,,,,,,,,
India,V25,University of Hyderabad,하이더라바드대,자매대학,방문교환,asia,Hyderabad,,,80,,6.5,,,,,,,,,,,,,,FALSE,FALSE,
Vietnam,V00,Thai Nguyen University,타이응우옌대,자매대학,방문교환,asia,Thái Nguyên,,,75,,6.5,,,,,,,,,,,,,,FALSE,FALSE,
United States,V26,American University,아메리칸대,SAF,방문교환,na,"Washington, D.C.",2.5,,,,,,,,,,,,,,,,,,,,
United States,V27,Arizona State University,애리조나주립대,SAF,방문교환,na,"Tempe, AZ",2.5,,,,,,,,,,,,,,,,,,,,
United States,V28,"California State University, Long Beach","캘리포니아주립대, 롱비치",SAF,방문교환,na,"Long Beach, CA",2.5,,,,,,,,,,,,,,,,,,,,
United States,V29,"California State University, San Marcos","캘리포니아주립대, 산마르코스",SAF,방문교환,na,"San Marcos,CA",2.5,,,,,,,,,,,,,,,,,,,,
United States,V30,"Columbia University, Columbia College",콜롬비아대,SAF,방문교환,na,"New York, NY",2.5,,,,,,,,,,,,,,,,,,,,
United States,V31,Johns Hopkins University,존스홉킨스대,SAF,방문교환,na,"Baltimore, MD",2.5,,,,,,,,,,,,,,,,,,,,
United States,V32,Lewis & Clark College,루이스&클라크대,SAF,방문교환,na,"Portland, OR",2.5,,,,,,,,,,,,,,,,,,,,
United States,V33,Michigan State University,미시건주립대,SAF,방문교환,na,"East Lansing, MI",2.5,,,,,,,,,,,,,,,,,,,,
United States,V34,University of Alabama,앨라배마대,SAF,방문교환,na,"Tuscaloosa, AL",2.5,,,,,,,,,,,,,,,,,,,,
United States,V35,University of Arkansas,아칸소대,SAF,방문교환,na,"Fayetteville, AR",2.5,,,,,,,,,,,,,,,,,,,,
United States,V36,"University of Colorado, Boulder","콜로라도대, 보더",SAF,방문교환,na,"Boulder, CO",2.5,,,,,,,,,,,,,,,,,,,,
United States,V37,"University of Hawaii, Hilo","하와이대, 힐로",SAF,방문교환,na,"Hilo, HI",2.5,,,,,,,,,,,,,,,,,,,,
United States,V38,University of Mississippi,미시시피대,SAF,방문교환,na,"University, MS",2.5,,,,,,,,,,,,,,,,,,,,
United States,V39,University of Montana,몬타나대,SAF,방문교환,na,"Missoula, MT",2.5,,,,,,,,,,,,,,,,,,,,
United States,V40,"University of Nevada, Reno","네바다대, 르노",SAF,방문교환,na,"Reno, NV",2.5,,,,,,,,,,,,,,,,,,,,
United States,V41,University of Oregon,오레곤대,SAF,방문교환,na,"Eugene, OR",2.5,,,,,,,,,,,,,,,,,,,,
United States,V42,University of Pennsylvania,펜실베니아대,SAF,방문교환,na,"Philadelphia, PA",2.5,,,,,,,,,,,,,,,,,,,,
United States,V43,"University of Wisconsin, Madison","위스콘신대, 매디슨",SAF,방문교환,na,"Madison, WI",2.5,,,,,,,,,,,,,,,,,,,,
United States,V44,University of Washington,워싱턴대,SAF,방문교환,na,"Seattle, WA",2.5,,,,,,,,,,,,,,,,,,,,
United States,V45,Vanderbilt University,밴더빌트대,SAF,방문교환,na,"Nashville, TN",2.5,,,,,,,,,,,,,,,,,,,,
England,V47,University College London,런던대,SAF,방문교환,europe,London,2.5,,,,,,,,,,,,,,,,,,,,
England,V48,University of Bristol,브리스톨대,SAF,방문교환,europe,Bristol,2.5,,,,,,,,,,,,,,,,,,,,
England,V49,University of Edinburgh,에딘버러대,SAF,방문교환,europe,Edinburgh,2.5,,,,,,,,,,,,,,,,,,,,
England,V50,University of Glasgow,글라스고우대,SAF,방문교환,europe,Glasgow,2.5,,,,,,,,,,,,,,,,,,,,
England,V51,University of Manchester,맨체스터대,SAF,방문교환,europe,Manchester,2.5,,,,,,,,,,,,,,,,,,,,
England,V52,University of the Arts London,런던예술대,SAF,방문교환,europe,London,2.5,,,,,,,,,,,,,,,,,,,,
England,V53,University of Westminster,웨스트민스터대,SAF,방문교환,europe,London,2.5,,,,,,,,,,,,,,,,,,,,
Ireland,V54,University College Dublin,더블린대,SAF,방문교환,europe,Dublin,2.5,,,,,,,,,,,,,,,,,,,,
Ireland,V55,University of Limerick,리머릭대,SAF,방문교환,europe,Limerick,2.5,,,,,,,,,,,,,,,,,,,,
Australia,V56,University of New South Wales,뉴사우스웨일스대,SAF,방문교환,oceania,Sydney,2.5,,,,,,,,,,,,,,,,,,,,
Australia,V57,University of Queensland,퀸즐랜드대,SAF,방문교환,oceania,Brisbane,2.5,,,,,,,,,,,,,,,,,,,,
New Zealand,V58,University of Otago,오타고대,SAF,방문교환,oceania,Dunedin,2.5,,,,,,,,,,,,,,,,,,,,
Canada,V59,St. Mary's University,세인트메리스대학,SAF,방문교환,na,"Halifax, NS",2.5,,,,,,,,,,,,,,,,,,,,
Canada,V60,University of Calgary,캘거리대학,SAF,방문교환,na,"Calary, AB",2.5,,,,,,,,,,,,,,,,,,,,
Canada,V61,University of Toronto,토론토대,SAF,방문교환,na,"Toronto, ON",2.5,,,,,,,,,,,,,,,,,,,,
Canada,V62,Univeristy of Victoria,빅토리아대,SAF,방문교환,na,"Greater Victoria, BC",2.5,,,,,,,,,,,,,,,,,,,,
Germany,V63,University of Leipzig,라이프치히대,SAF,방문교환,europe,Leipzig,2.5,,,,,,,,,,,,,,,,,,,,
France,V64,Université Catholique de L'Ouest,엉제대,SAF,방문교환,europe,Angers,2.5,,,,,,,,,,,,,,,,,,,,
Spain,V65,Universidad de Leon,레온대,SAF,방문교환,europe,León,2.5,,,,,,,,,,,,,,,,,,,,
United States,V66,"University of California, Berkeley","캘리포니아대, 버클리 ★",SAF,방문교환,na,"Berkeley, CA",2.5,,,,,,,,,,,,,,,,,,,,
United States,V67,"University of California, Davis","캘리포니아대, 데이비스 ★",SAF,방문교환,na,"Davis, CA",2.5,,,,,,,,,,,,,,,,,,,,
United States,V68,"University of California, Los Angeles","캘리포니아대, LA ★",SAF,방문교환,na,"Los Angeles, CA",2.5,,,,,,,,,,,,,,,,,,,,
United States,V69,"University of California, San Diego","캘리포니아대, 샌디에고 ★",SAF,방문교환,na,"San Diego, CA",2.5,,,,,,,,,,,,,,,,,,,,
United States,V70,"University of California, Santa Barbara","캘리포니아대, 산타바바라 ★",SAF,방문교환,na,"Santa Barbara, CA",2.5,,,,,,,,,,,,,,,,,,,,
United States,V71,San Jose State University,산호세주립대 ●,SAF,방문교환,na,"San Jose, California",2.5,,,,,,,,,,,,,,,,,,,,
United States,V72,University of Minnesota,미네소타대 ●,SAF,방문교환,na,"Minneapolis-Saint Paul, MN",2.5,,,,,,,,,,,,,,,,,,,,
United States,V73,"American University, Washington Semester Program","아메리칸대, 워싱턴시메스터프로그램",SAF,인턴십,na,"Washington, D.C.",2.5,,,,,,,,,,,,,,,,,,,,
United States,V74,"University of Oregon, Education 인턴십","오레곤대, 에듀케이션 인턴십",SAF,인턴십,na,"Eugene, OR",2.5,,,,,,,,,,,,,,,,,,,,
England,V75,University of Westminster,웨스트민스터대,SAF,인턴십,europe,London,2.5,,,,,,,,,,,,,,,,,,,,
United States,S01,Angelo State University,엔젤로주립대 (Hybrid Option A),자매대학,특별,na,"San Angelo, TX",,700,60,500,5.5,,,,,,,,,,,,* 해당 특별방문 프로그램은 토익 지원 가능,,,,
United States,S02,Angelo State University,엔젤로주립대 (Hybrid Option B),자매대학,특별,na,"San Angelo, TX",,700,60,500,5.5,,,,,,,,,,,,* 해당 특별방문 프로그램은 토익 지원 가능,,,,
United States,S03,Illinois Institute of Technology,일리노이공대,자매대학,특별,na,"Chicago, IL",,,70,,5,,,,,,,,,,,,,,FALSE,FALSE,
China,S04,Donghua University (东华大学),동화대,자매대학,특별,asia,Shanghai,,850,80,560,6,5,,,,,,,,,,,,,,,
United States,I02,"University of Nevada, Las Vegas","네바다대, 라스베이거스",자매대학,교환학생 +인턴십,na,"Las Vegas, NV",,,70,,6,,,,,,,,,,,,,,FALSE,FALSE,
United States,I03,San Francisco State University,샌프란시스코주립대,자매대학,교환학생 +인턴십,na,"San Francisco, CA",,,70,,6,,,,,,,,,,,,,,FALSE,FALSE,
,,,,,,,,,,,,,,,,,,,,,,,,,,,,
,,,,,,,,,,,,,,,,,,,,,,,,,,,,
,,,,,,,,,,,,,,,,,,,,,,,,,,,,
,,,,,,,,,,,,,,,,,,,,,,,,,,,,
,,,,,,,,,,,,,,,,,,,,,,,,,,,,
,,,,,,,,,,,,,,,,,,,,,,,,,,,,
,,,,,,,,,,,,,,,,,,,,,,,,,,,,
,,,,,,,,,,,,,,,,,,,,,,,,,,,,
,,,,,,,,,,,,,,,,,,,,,,,,,,,,
,,,,,,,,,,,,,,,,,,,,,,,,,,,,
,,,,,,,,,,,,,,,,,,,,,,,,,,,,
,,,,,,,,,,,,,,,,,,,,,,,,,,,,
,,,,,,,,,,,,,,,,,,,,,,,,,,,,
,,,,,,,,,,,,,,,,,,,,,,,,,,,,
,,,,,,,,,,,,,,,,,,,,,,,,,,,,
,,,,,,,,,,,,,,,,,,,,,,,,,,,,
,,,,,,,,,,,,,,,,,,,,,,,,,,,,
,,,,,,,,,,,,,,,,,,,,,,,,,,,,
,,,,,,,,,,,,,,,,,,,,,,,,,,,,
,,,,,,,,,,,,,,,,,,,,,,,,,,,,
,,,,,,,,,,,,,,,,,,,,,,,,,,,,
,,,,,,,,,,,,,,,,,,,,,,,,,,,,
,,,,,,,,,,,,,,,,,,,,,,,,,,,,
,,,,,,,,,,,,,,,,,,,,,,,,,,,,
,,,,,,,,,,,,,,,,,,,,,,,,,,,,
,,,,,,,,,,,,,,,,,,,,,,,,,,,,
,,,,,,,,,,,,,,,,,,,,,,,,,,,,
,,,,,,,,,,,,,,,,,,,,,,,,,,,,
,,,,,,,,,,,,,,,,,,,,,,,,,,,,
,,,,,,,,,,,,,,,,,,,,,,,,,,,,
,,,,,,,,,,,,,,,,,,,,,,,,,,,,
,,,,,,,,,,,,,,,,,,,,,,,,,,,,
,,,,,,,,,,,,,,,,,,,,,,,,,,,,
,,,,,,,,,,,,,,,,,,,,,,,,,,,,
,,,,,,,,,,,,,,,,,,,,,,,,,,,,
,,,,,,,,,,,,,,,,,,,,,,,,,,,,
,,,,,,,,,,,,,,,,,,,,,,,,,,,,
,,,,,,,,,,,,,,,,,,,,,,,,,,,,
,,,,,,,,,,,,,,,,,,,,,,,,,,,,
,,,,,,,,,,,,,,,,,,,,,,,,,,,,
,,,,,,,,,,,,,,,,,,,,,,,,,,,,
,,,,,,,,,,,,,,,,,,,,,,,,,,,,
,,,,,,,,,,,,,,,,,,,,,,,,,,,,
,,,,,,,,,,,,,,,,,,,,,,,,,,,,
,,,,,,,,,,,,,,,,,,,,,,,,,,,,
,,,,,,,,,,,,,,,,,,,,,,,,,,,,
,,,,,,,,,,,,,,,,,,,,,,,,,,,,
,,,,,,,,,,,,,,,,,,,,,,,,,,,,
,,,,,,,,,,,,,,,,,,,,,,,,,,,,
,,,,,,,,,,,,,,,,,,,,,,,,,,,,
,,,,,,,,,,,,,,,,,,,,,,,,,,,,
,,,,,,,,,,,,,,,,,,,,,,,,,,,,
,,,,,,,,,,,,,,,,,,,,,,,,,,,,
,,,,,,,,,,,,,,,,,,,,,,,,,,,,
,,,,,,,,,,,,,,,,,,,,,,,,,,,,
,,,,,,,,,,,,,,,,,,,,,,,,,,,,
,,,,,,,,,,,,,,,,,,,,,,,,,,,,
,,,,,,,,,,,,,,,,,,,,,,,,,,,,
,,,,,,,,,,,,,,,,,,,,,,,,,,,,
,,,,,,,,,,,,,,,,,,,,,,,,,,,,
,,,,,,,,,,,,,,,,,,,,,,,,,,,,
,,,,,,,,,,,,,,,,,,,,,,,,,,,,
,,,,,,,,,,,,,,,,,,,,,,,,,,,,
,,,,,,,,,,,,,,,,,,,,,,,,,,,,
,,,,,,,,,,,,,,,,,,,,,,,,,,,,
,,,,,,,,,,,,,,,,,,,,,,,,,,,,
,,,,,,,,,,,,,,,,,,,,,,,,,,,,
,,,,,,,,,,,,,,,,,,,,,,,,,,,,
,,,,,,,,,,,,,,,,,,,,,,,,,,,,
,,,,,,,,,,,,,,,,,,,,,,,,,,,,
,,,,,,,,,,,,,,,,,,,,,,,,,,,,
,,,,,,,,,,,,,,,,,,,,,,,,,,,,
,,,,,,,,,,,,,,,,,,,,,,,,,,,,
,,,,,,,,,,,,,,,,,,,,,,,,,,,,
,,,,,,,,,,,,,,,,,,,,,,,,,,,,
,,,,,,,,,,,,,,,,,,,,,,,,,,,,
,,,,,,,,,,,,,,,,,,,,,,,,,,,,
,,,,,,,,,,,,,,,,,,,,,,,,,,,,
,,,,,,,,,,,,,,,,,,,,,,,,,,,,
,,,,,,,,,,,,,,,,,,,,,,,,,,,,
,,,,,,,,,,,,,,,,,,,,,,,,,,,,
,,,,,,,,,,,,,,,,,,,,,,,,,,,,
,,,,,,,,,,,,,,,,,,,,,,,,,,,,
,,,,,,,,,,,,,,,,,,,,,,,,,,,,
,,,,,,,,,,,,,,,,,,,,,,,,,,,,
,,,,,,,,,,,,,,,,,,,,,,,,,,,,
,,,,,,,,,,,,,,,,,,,,,,,,,,,,
,,,,,,,,,,,,,,,,,,,,,,,,,,,,
,,,,,,,,,,,,,,,,,,,,,,,,,,,,
,,,,,,,,,,,,,,,,,,,,,,,,,,,,
,,,,,,,,,,,,,,,,,,,,,,,,,,,,
,,,,,,,,,,,,,,,,,,,,,,,,,,,,
,,,,,,,,,,,,,,,,,,,,,,,,,,,,
,,,,,,,,,,,,,,,,,,,,,,,,,,,,
,,,,,,,,,,,,,,,,,,,,,,,,,,,,
,,,,,,,,,,,,,,,,,,,,,,,,,,,,
,,,,,,,,,,,,,,,,,,,,,,,,,,,,
,,,,,,,,,,,,,,,,,,,,,,,,,,,,
,,,,,,,,,,,,,,,,,,,,,,,,,,,,
,,,,,,,,,,,,,,,,,,,,,,,,,,,,
,,,,,,,,,,,,,,,,,,,,,,,,,,,,
,,,,,,,,,,,,,,,,,,,,,,,,,,,,
,,,,,,,,,,,,,,,,,,,,,,,,,,,,
,,,,,,,,,,,,,,,,,,,,,,,,,,,,
,,,,,,,,,,,,,,,,,,,,,,,,,,,,
,,,,,,,,,,,,,,,,,,,,,,,,,,,,
,,,,,,,,,,,,,,,,,,,,,,,,,,,,
,,,,,,,,,,,,,,,,,,,,,,,,,,,,
,,,,,,,,,,,,,,,,,,,,,,,,,,,,
,,,,,,,,,,,,,,,,,,,,,,,,,,,,
,,,,,,,,,,,,,,,,,,,,,,,,,,,,
,,,,,,,,,,,,,,,,,,,,,,,,,,,,
,,,,,,,,,,,,,,,,,,,,,,,,,,,,
,,,,,,,,,,,,,,,,,,,,,,,,,,,,
,,,,,,,,,,,,,,,,,,,,,,,,,,,,
,,,,,,,,,,,,,,,,,,,,,,,,,,,,
,,,,,,,,,,,,,,,,,,,,,,,,,,,,
,,,,,,,,,,,,,,,,,,,,,,,,,,,,
,,,,,,,,,,,,,,,,,,,,,,,,,,,,
,,,,,,,,,,,,,,,,,,,,,,,,,,,,
,,,,,,,,,,,,,,,,,,,,,,,,,,,,
,,,,,,,,,,,,,,,,,,,,,,,,,,,,
,,,,,,,,,,,,,,,,,,,,,,,,,,,,
,,,,,,,,,,,,,,,,,,,,,,,,,,,,
,,,,,,,,,,,,,,,,,,,,,,,,,,,,
,,,,,,,,,,,,,,,,,,,,,,,,,,,,
,,,,,,,,,,,,,,,,,,,,,,,,,,,,
,,,,,,,,,,,,,,,,,,,,,,,,,,,,
,,,,,,,,,,,,,,,,,,,,,,,,,,,,
,,,,,,,,,,,,,,,,,,,,,,,,,,,,
,,,,,,,,,,,,,,,,,,,,,,,,,,,,
,,,,,,,,,,,,,,,,,,,,,,,,,,,,
,,,,,,,,,,,,,,,,,,,,,,,,,,,,
,,,,,,,,,,,,,,,,,,,,,,,,,,,,
,,,,,,,,,,,,,,,,,,,,,,,,,,,,
,,,,,,,,,,,,,,,,,,,,,,,,,,,,
,,,,,,,,,,,,,,,,,,,,,,,,,,,,
,,,,,,,,,,,,,,,,,,,,,,,,,,,,
,,,,,,,,,,,,,,,,,,,,,,,,,,,,
,,,,,,,,,,,,,,,,,,,,,,,,,,,,
,,,,,,,,,,,,,,,,,,,,,,,,,,,,
,,,,,,,,,,,,,,,,,,,,,,,,,,,,
,,,,,,,,,,,,,,,,,,,,,,,,,,,,
,,,,,,,,,,,,,,,,,,,,,,,,,,,,
,,,,,,,,,,,,,,,,,,,,,,,,,,,,
,,,,,,,,,,,,,,,,,,,,,,,,,,,,
,,,,,,,,,,,,,,,,,,,,,,,,,,,,
,,,,,,,,,,,,,,,,,,,,,,,,,,,,
,,,,,,,,,,,,,,,,,,,,,,,,,,,,
,,,,,,,,,,,,,,,,,,,,,,,,,,,,
,,,,,,,,,,,,,,,,,,,,,,,,,,,,
,,,,,,,,,,,,,,,,,,,,,,,,,,,,
,,,,,,,,,,,,,,,,,,,,,,,,,,,,
,,,,,,,,,,,,,,,,,,,,,,,,,,,,
,,,,,,,,,,,,,,,,,,,,,,,,,,,,
,,,,,,,,,,,,,,,,,,,,,,,,,,,,
,,,,,,,,,,,,,,,,,,,,,,,,,,,,
,,,,,,,,,,,,,,,,,,,,,,,,,,,,
,,,,,,,,,,,,,,,,,,,,,,,,,,,,
,,,,,,,,,,,,,,,,,,,,,,,,,,,,
,,,,,,,,,,,,,,,,,,,,,,,,,,,,
,,,,,,,,,,,,,,,,,,,,,,,,,,,,
,,,,,,,,,,,,,,,,,,,,,,,,,,,,
,,,,,,,,,,,,,,,,,,,,,,,,,,,,
,,,,,,,,,,,,,,,,,,,,,,,,,,,,
,,,,,,,,,,,,,,,,,,,,,,,,,,,,
,,,,,,,,,,,,,,,,,,,,,,,,,,,,
,,,,,,,,,,,,,,,,,,,,,,,,,,,,
,,,,,,,,,,,,,,,,,,,,,,,,,,,,
,,,,,,,,,,,,,,,,,,,,,,,,,,,,
,,,,,,,,,,,,,,,,,,,,,,,,,,,,
,,,,,,,,,,,,,,,,,,,,,,,,,,,,
,,,,,,,,,,,,,,,,,,,,,,,,,,,,
,,,,,,,,,,,,,,,,,,,,,,,,,,,,
,,,,,,,,,,,,,,,,,,,,,,,,,,,,
,,,,,,,,,,,,,,,,,,,,,,,,,,,,
,,,,,,,,,,,,,,,,,,,,,,,,,,,,
,,,,,,,,,,,,,,,,,,,,,,,,,,,,
,,,,,,,,,,,,,,,,,,,,,,,,,,,,
,,,,,,,,,,,,,,,,,,,,,,,,,,,,
,,,,,,,,,,,,,,,,,,,,,,,,,,,,
,,,,,,,,,,,,,,,,,,,,,,,,,,,,
,,,,,,,,,,,,,,,,,,,,,,,,,,,,
,,,,,,,,,,,,,,,,,,,,,,,,,,,,
,,,,,,,,,,,,,,,,,,,,,,,,,,,,
,,,,,,,,,,,,,,,,,,,,,,,,,,,,
,,,,,,,,,,,,,,,,,,,,,,,,,,,,
,,,,,,,,,,,,,,,,,,,,,,,,,,,,
,,,,,,,,,,,,,,,,,,,,,,,,,,,,
,,,,,,,,,,,,,,,,,,,,,,,,,,,,
,,,,,,,,,,,,,,,,,,,,,,,,,,,,
,,,,,,,,,,,,,,,,,,,,,,,,,,,,
,,,,,,,,,,,,,,,,,,,,,,,,,,,,
,,,,,,,,,,,,,,,,,,,,,,,,,,,,
,,,,,,,,,,,,,,,,,,,,,,,,,,,,
,,,,,,,,,,,,,,,,,,,,,,,,,,,,
,,,,,,,,,,,,,,,,,,,,,,,,,,,,
,,,,,,,,,,,,,,,,,,,,,,,,,,,,
,,,,,,,,,,,,,,,,,,,,,,,,,,,,
,,,,,,,,,,,,,,,,,,,,,,,,,,,,
,,,,,,,,,,,,,,,,,,,,,,,,,,,,
,,,,,,,,,,,,,,,,,,,,,,,,,,,,
,,,,,,,,,,,,,,,,,,,,,,,,,,,,
,,,,,,,,,,,,,,,,,,,,,,,,,,,,
,,,,,,,,,,,,,,,,,,,,,,,,,,,,
,,,,,,,,,,,,,,,,,,,,,,,,,,,,
,,,,,,,,,,,,,,,,,,,,,,,,,,,,
,,,,,,,,,,,,,,,,,,,,,,,,,,,,
,,,,,,,,,,,,,,,,,,,,,,,,,,,,
,,,,,,,,,,,,,,,,,,,,,,,,,,,,
,,,,,,,,,,,,,,,,,,,,,,,,,,,,
,,,,,,,,,,,,,,,,,,,,,,,,,,,,
,,,,,,,,,,,,,,,,,,,,,,,,,,,,
,,,,,,,,,,,,,,,,,,,,,,,,,,,,
,,,,,,,,,,,,,,,,,,,,,,,,,,,,
,,,,,,,,,,,,,,,,,,,,,,,,,,,,
,,,,,,,,,,,,,,,,,,,,,,,,,,,,
,,,,,,,,,,,,,,,,,,,,,,,,,,,,
,,,,,,,,,,,,,,,,,,,,,,,,,,,,
,,,,,,,,,,,,,,,,,,,,,,,,,,,,
,,,,,,,,,,,,,,,,,,,,,,,,,,,,
,,,,,,,,,,,,,,,,,,,,,,,,,,,,
,,,,,,,,,,,,,,,,,,,,,,,,,,,,
,,,,,,,,,,,,,,,,,,,,,,,,,,,,
,,,,,,,,,,,,,,,,,,,,,,,,,,,,
,,,,,,,,,,,,,,,,,,,,,,,,,,,,
,,,,,,,,,,,,,,,,,,,,,,,,,,,,
,,,,,,,,,,,,,,,,,,,,,,,,,,,,
,,,,,,,,,,,,,,,,,,,,,,,,,,,,
,,,,,,,,,,,,,,,,,,,,,,,,,,,,
,,,,,,,,,,,,,,,,,,,,,,,,,,,,
,,,,,,,,,,,,,,,,,,,,,,,,,,,,
,,,,,,,,,,,,,,,,,,,,,,,,,,,,
,,,,,,,,,,,,,,,,,,,,,,,,,,,,
,,,,,,,,,,,,,,,,,,,,,,,,,,,,
,,,,,,,,,,,,,,,,,,,,,,,,,,,,
,,,,,,,,,,,,,,,,,,,,,,,,,,,,
,,,,,,,,,,,,,,,,,,,,,,,,,,,,
,,,,,,,,,,,,,,,,,,,,,,,,,,,,
,,,,,,,,,,,,,,,,,,,,,,,,,,,,
,,,,,,,,,,,,,,,,,,,,,,,,,,,,
,,,,,,,,,,,,,,,,,,,,,,,,,,,,
,,,,,,,,,,,,,,,,,,,,,,,,,,,,
,,,,,,,,,,,,,,,,,,,,,,,,,,,,
,,,,,,,,,,,,,,,,,,,,,,,,,,,,
,,,,,,,,,,,,,,,,,,,,,,,,,,,,
,,,,,,,,,,,,,,,,,,,,,,,,,,,,
,,,,,,,,,,,,,,,,,,,,,,,,,,,,
,,,,,,,,,,,,,,,,,,,,,,,,,,,,
,,,,,,,,,,,,,,,,,,,,,,,,,,,,
,,,,,,,,,,,,,,,,,,,,,,,,,,,,
,,,,,,,,,,,,,,,,,,,,,,,,,,,,
,,,,,,,,,,,,,,,,,,,,,,,,,,,,
,,,,,,,,,,,,,,,,,,,,,,,,,,,,
,,,,,,,,,,,,,,,,,,,,,,,,,,,,
,,,,,,,,,,,,,,,,,,,,,,,,,,,,
,,,,,,,,,,,,,,,,,,,,,,,,,,,,
,,,,,,,,,,,,,,,,,,,,,,,,,,,,
,,,,,,,,,,,,,,,,,,,,,,,,,,,,
,,,,,,,,,,,,,,,,,,,,,,,,,,,,
,,,,,,,,,,,,,,,,,,,,,,,,,,,,
,,,,,,,,,,,,,,,,,,,,,,,,,,,,
,,,,,,,,,,,,,,,,,,,,,,,,,,,,
,,,,,,,,,,,,,,,,,,,,,,,,,,,,
,,,,,,,,,,,,,,,,,,,,,,,,,,,,
,,,,,,,,,,,,,,,,,,,,,,,,,,,,
,,,,,,,,,,,,,,,,,,,,,,,,,,,,
,,,,,,,,,,,,,,,,,,,,,,,,,,,,
,,,,,,,,,,,,,,,,,,,,,,,,,,,,
,,,,,,,,,,,,,,,,,,,,,,,,,,,,
,,,,,,,,,,,,,,,,,,,,,,,,,,,,
,,,,,,,,,,,,,,,,,,,,,,,,,,,,
,,,,,,,,,,,,,,,,,,,,,,,,,,,,
,,,,,,,,,,,,,,,,,,,,,,,,,,,,
,,,,,,,,,,,,,,,,,,,,,,,,,,,,
,,,,,,,,,,,,,,,,,,,,,,,,,,,,
,,,,,,,,,,,,,,,,,,,,,,,,,,,,
,,,,,,,,,,,,,,,,,,,,,,,,,,,,
,,,,,,,,,,,,,,,,,,,,,,,,,,,,
,,,,,,,,,,,,,,,,,,,,,,,,,,,,
,,,,,,,,,,,,,,,,,,,,,,,,,,,,
,,,,,,,,,,,,,,,,,,,,,,,,,,,,
,,,,,,,,,,,,,,,,,,,,,,,,,,,,
,,,,,,,,,,,,,,,,,,,,,,,,,,,,
,,,,,,,,,,,,,,,,,,,,,,,,,,,,
,,,,,,,,,,,,,,,,,,,,,,,,,,,,
,,,,,,,,,,,,,,,,,,,,,,,,,,,,
,,,,,,,,,,,,,,,,,,,,,,,,,,,,
,,,,,,,,,,,,,,,,,,,,,,,,,,,,
,,,,,,,,,,,,,,,,,,,,,,,,,,,,
,,,,,,,,,,,,,,,,,,,,,,,,,,,,
,,,,,,,,,,,,,,,,,,,,,,,,,,,,
,,,,,,,,,,,,,,,,,,,,,,,,,,,,
,,,,,,,,,,,,,,,,,,,,,,,,,,,,
,,,,,,,,,,,,,,,,,,,,,,,,,,,,
,,,,,,,,,,,,,,,,,,,,,,,,,,,,
,,,,,,,,,,,,,,,,,,,,,,,,,,,,
,,,,,,,,,,,,,,,,,,,,,,,,,,,,
,,,,,,,,,,,,,,,,,,,,,,,,,,,,
,,,,,,,,,,,,,,,,,,,,,,,,,,,,
,,,,,,,,,,,,,,,,,,,,,,,,,,,,
,,,,,,,,,,,,,,,,,,,,,,,,,,,,
,,,,,,,,,,,,,,,,,,,,,,,,,,,,
,,,,,,,,,,,,,,,,,,,,,,,,,,,,
,,,,,,,,,,,,,,,,,,,,,,,,,,,,
,,,,,,,,,,,,,,,,,,,,,,,,,,,,
,,,,,,,,,,,,,,,,,,,,,,,,,,,,
,,,,,,,,,,,,,,,,,,,,,,,,,,,,
,,,,,,,,,,,,,,,,,,,,,,,,,,,,
,,,,,,,,,,,,,,,,,,,,,,,,,,,,
,,,,,,,,,,,,,,,,,,,,,,,,,,,,
,,,,,,,,,,,,,,,,,,,,,,,,,,,,
,,,,,,,,,,,,,,,,,,,,,,,,,,,,
,,,,,,,,,,,,,,,,,,,,,,,,,,,,
,,,,,,,,,,,,,,,,,,,,,,,,,,,,
,,,,,,,,,,,,,,,,,,,,,,,,,,,,
,,,,,,,,,,,,,,,,,,,,,,,,,,,,
,,,,,,,,,,,,,,,,,,,,,,,,,,,,
,,,,,,,,,,,,,,,,,,,,,,,,,,,,
,,,,,,,,,,,,,,,,,,,,,,,,,,,,
,,,,,,,,,,,,,,,,,,,,,,,,,,,,
,,,,,,,,,,,,,,,,,,,,,,,,,,,,
,,,,,,,,,,,,,,,,,,,,,,,,,,,,
,,,,,,,,,,,,,,,,,,,,,,,,,,,,
,,,,,,,,,,,,,,,,,,,,,,,,,,,,
,,,,,,,,,,,,,,,,,,,,,,,,,,,,
,,,,,,,,,,,,,,,,,,,,,,,,,,,,
,,,,,,,,,,,,,,,,,,,,,,,,,,,,
,,,,,,,,,,,,,,,,,,,,,,,,,,,,
,,,,,,,,,,,,,,,,,,,,,,,,,,,,
,,,,,,,,,,,,,,,,,,,,,,,,,,,,
,,,,,,,,,,,,,,,,,,,,,,,,,,,,
,,,,,,,,,,,,,,,,,,,,,,,,,,,,
,,,,,,,,,,,,,,,,,,,,,,,,,,,,
,,,,,,,,,,,,,,,,,,,,,,,,,,,,
,,,,,,,,,,,,,,,,,,,,,,,,,,,,
,,,,,,,,,,,,,,,,,,,,,,,,,,,,
,,,,,,,,,,,,,,,,,,,,,,,,,,,,
,,,,,,,,,,,,,,,,,,,,,,,,,,,,
,,,,,,,,,,,,,,,,,,,,,,,,,,,,
,,,,,,,,,,,,,,,,,,,,,,,,,,,,
,,,,,,,,,,,,,,,,,,,,,,,,,,,,
,,,,,,,,,,,,,,,,,,,,,,,,,,,,
,,,,,,,,,,,,,,,,,,,,,,,,,,,,
,,,,,,,,,,,,,,,,,,,,,,,,,,,,
,,,,,,,,,,,,,,,,,,,,,,,,,,,,
,,,,,,,,,,,,,,,,,,,,,,,,,,,,
,,,,,,,,,,,,,,,,,,,,,,,,,,,,
,,,,,,,,,,,,,,,,,,,,,,,,,,,,
,,,,,,,,,,,,,,,,,,,,,,,,,,,,
,,,,,,,,,,,,,,,,,,,,,,,,,,,,
,,,,,,,,,,,,,,,,,,,,,,,,,,,,
,,,,,,,,,,,,,,,,,,,,,,,,,,,,
,,,,,,,,,,,,,,,,,,,,,,,,,,,,
,,,,,,,,,,,,,,,,,,,,,,,,,,,,
,,,,,,,,,,,,,,,,,,,,,,,,,,,,
,,,,,,,,,,,,,,,,,,,,,,,,,,,,
,,,,,,,,,,,,,,,,,,,,,,,,,,,,
,,,,,,,,,,,,,,,,,,,,,,,,,,,,
,,,,,,,,,,,,,,,,,,,,,,,,,,,,
,,,,,,,,,,,,,,,,,,,,,,,,,,,,
,,,,,,,,,,,,,,,,,,,,,,,,,,,,
,,,,,,,,,,,,,,,,,,,,,,,,,,,,
,,,,,,,,,,,,,,,,,,,,,,,,,,,,
,,,,,,,,,,,,,,,,,,,,,,,,,,,,
,,,,,,,,,,,,,,,,,,,,,,,,,,,,
,,,,,,,,,,,,,,,,,,,,,,,,,,,,
,,,,,,,,,,,,,,,,,,,,,,,,,,,,
,,,,,,,,,,,,,,,,,,,,,,,,,,,,
,,,,,,,,,,,,,,,,,,,,,,,,,,,,
,,,,,,,,,,,,,,,,,,,,,,,,,,,,
,,,,,,,,,,,,,,,,,,,,,,,,,,,,
,,,,,,,,,,,,,,,,,,,,,,,,,,,,
,,,,,,,,,,,,,,,,,,,,,,,,,,,,
,,,,,,,,,,,,,,,,,,,,,,,,,,,,
,,,,,,,,,,,,,,,,,,,,,,,,,,,,
,,,,,,,,,,,,,,,,,,,,,,,,,,,,
,,,,,,,,,,,,,,,,,,,,,,,,,,,,
,,,,,,,,,,,,,,,,,,,,,,,,,,,,
,,,,,,,,,,,,,,,,,,,,,,,,,,,,
,,,,,,,,,,,,,,,,,,,,,,,,,,,,
,,,,,,,,,,,,,,,,,,,,,,,,,,,,
,,,,,,,,,,,,,,,,,,,,,,,,,,,,
,,,,,,,,,,,,,,,,,,,,,,,,,,,,
,,,,,,,,,,,,,,,,,,,,,,,,,,,,
,,,,,,,,,,,,,,,,,,,,,,,,,,,,
,,,,,,,,,,,,,,,,,,,,,,,,,,,,
,,,,,,,,,,,,,,,,,,,,,,,,,,,,
,,,,,,,,,,,,,,,,,,,,,,,,,,,,
,,,,,,,,,,,,,,,,,,,,,,,,,,,,
,,,,,,,,,,,,,,,,,,,,,,,,,,,,
,,,,,,,,,,,,,,,,,,,,,,,,,,,,
,,,,,,,,,,,,,,,,,,,,,,,,,,,,
,,,,,,,,,,,,,,,,,,,,,,,,,,,,
,,,,,,,,,,,,,,,,,,,,,,,,,,,,
,,,,,,,,,,,,,,,,,,,,,,,,,,,,
,,,,,,,,,,,,,,,,,,,,,,,,,,,,
,,,,,,,,,,,,,,,,,,,,,,,,,,,,
,,,,,,,,,,,,,,,,,,,,,,,,,,,,
,,,,,,,,,,,,,,,,,,,,,,,,,,,,
,,,,,,,,,,,,,,,,,,,,,,,,,,,,
,,,,,,,,,,,,,,,,,,,,,,,,,,,,
,,,,,,,,,,,,,,,,,,,,,,,,,,,,
,,,,,,,,,,,,,,,,,,,,,,,,,,,,
,,,,,,,,,,,,,,,,,,,,,,,,,,,,
,,,,,,,,,,,,,,,,,,,,,,,,,,,,
,,,,,,,,,,,,,,,,,,,,,,,,,,,,
,,,,,,,,,,,,,,,,,,,,,,,,,,,,
,,,,,,,,,,,,,,,,,,,,,,,,,,,,
,,,,,,,,,,,,,,,,,,,,,,,,,,,,
,,,,,,,,,,,,,,,,,,,,,,,,,,,,
,,,,,,,,,,,,,,,,,,,,,,,,,,,,
,,,,,,,,,,,,,,,,,,,,,,,,,,,,
,,,,,,,,,,,,,,,,,,,,,,,,,,,,
,,,,,,,,,,,,,,,,,,,,,,,,,,,,
,,,,,,,,,,,,,,,,,,,,,,,,,,,,
,,,,,,,,,,,,,,,,,,,,,,,,,,,,
,,,,,,,,,,,,,,,,,,,,,,,,,,,,
,,,,,,,,,,,,,,,,,,,,,,,,,,,,
,,,,,,,,,,,,,,,,,,,,,,,,,,,,
,,,,,,,,,,,,,,,,,,,,,,,,,,,,
,,,,,,,,,,,,,,,,,,,,,,,,,,,,
,,,,,,,,,,,,,,,,,,,,,,,,,,,,
,,,,,,,,,,,,,,,,,,,,,,,,,,,,
,,,,,,,,,,,,,,,,,,,,,,,,,,,,
,,,,,,,,,,,,,,,,,,,,,,,,,,,,
,,,,,,,,,,,,,,,,,,,,,,,,,,,,
,,,,,,,,,,,,,,,,,,,,,,,,,,,,
,,,,,,,,,,,,,,,,,,,,,,,,,,,,
,,,,,,,,,,,,,,,,,,,,,,,,,,,,
,,,,,,,,,,,,,,,,,,,,,,,,,,,,
,,,,,,,,,,,,,,,,,,,,,,,,,,,,
,,,,,,,,,,,,,,,,,,,,,,,,,,,,
,,,,,,,,,,,,,,,,,,,,,,,,,,,,
,,,,,,,,,,,,,,,,,,,,,,,,,,,,
,,,,,,,,,,,,,,,,,,,,,,,,,,,,
,,,,,,,,,,,,,,,,,,,,,,,,,,,,
,,,,,,,,,,,,,,,,,,,,,,,,,,,,
,,,,,,,,,,,,,,,,,,,,,,,,,,,,
,,,,,,,,,,,,,,,,,,,,,,,,,,,,
,,,,,,,,,,,,,,,,,,,,,,,,,,,,
,,,,,,,,,,,,,,,,,,,,,,,,,,,,
,,,,,,,,,,,,,,,,,,,,,,,,,,,,
,,,,,,,,,,,,,,,,,,,,,,,,,,,,
,,,,,,,,,,,,,,,,,,,,,,,,,,,,
,,,,,,,,,,,,,,,,,,,,,,,,,,,,
,,,,,,,,,,,,,,,,,,,,,,,,,,,,
,,,,,,,,,,,,,,,,,,,,,,,,,,,,
,,,,,,,,,,,,,,,,,,,,,,,,,,,,
,,,,,,,,,,,,,,,,,,,,,,,,,,,,
,,,,,,,,,,,,,,,,,,,,,,,,,,,,
,,,,,,,,,,,,,,,,,,,,,,,,,,,,
,,,,,,,,,,,,,,,,,,,,,,,,,,,,
,,,,,,,,,,,,,,,,,,,,,,,,,,,,
,,,,,,,,,,,,,,,,,,,,,,,,,,,,
,,,,,,,,,,,,,,,,,,,,,,,,,,,,
,,,,,,,,,,,,,,,,,,,,,,,,,,,,
,,,,,,,,,,,,,,,,,,,,,,,,,,,,
,,,,,,,,,,,,,,,,,,,,,,,,,,,,
,,,,,,,,,,,,,,,,,,,,,,,,,,,,
,,,,,,,,,,,,,,,,,,,,,,,,,,,,
,,,,,,,,,,,,,,,,,,,,,,,,,,,,
,,,,,,,,,,,,,,,,,,,,,,,,,,,,
,,,,,,,,,,,,,,,,,,,,,,,,,,,,
,,,,,,,,,,,,,,,,,,,,,,,,,,,,
,,,,,,,,,,,,,,,,,,,,,,,,,,,,
,,,,,,,,,,,,,,,,,,,,,,,,,,,,
,,,,,,,,,,,,,,,,,,,,,,,,,,,,
,,,,,,,,,,,,,,,,,,,,,,,,,,,,
,,,,,,,,,,,,,,,,,,,,,,,,,,,,
,,,,,,,,,,,,,,,,,,,,,,,,,,,,
,,,,,,,,,,,,,,,,,,,,,,,,,,,,
,,,,,,,,,,,,,,,,,,,,,,,,,,,,
,,,,,,,,,,,,,,,,,,,,,,,,,,,,
,,,,,,,,,,,,,,,,,,,,,,,,,,,,
,,,,,,,,,,,,,,,,,,,,,,,,,,,,
,,,,,,,,,,,,,,,,,,,,,,,,,,,,
,,,,,,,,,,,,,,,,,,,,,,,,,,,,
,,,,,,,,,,,,,,,,,,,,,,,,,,,,
,,,,,,,,,,,,,,,,,,,,,,,,,,,,
,,,,,,,,,,,,,,,,,,,,,,,,,,,,
,,,,,,,,,,,,,,,,,,,,,,,,,,,,
,,,,,,,,,,,,,,,,,,,,,,,,,,,,
,,,,,,,,,,,,,,,,,,,,,,,,,,,,
,,,,,,,,,,,,,,,,,,,,,,,,,,,,
,,,,,,,,,,,,,,,,,,,,,,,,,,,,
,,,,,,,,,,,,,,,,,,,,,,,,,,,,
,,,,,,,,,,,,,,,,,,,,,,,,,,,,
,,,,,,,,,,,,,,,,,,,,,,,,,,,,
,,,,,,,,,,,,,,,,,,,,,,,,,,,,
,,,,,,,,,,,,,,,,,,,,,,,,,,,,
,,,,,,,,,,,,,,,,,,,,,,,,,,,,
,,,,,,,,,,,,,,,,,,,,,,,,,,,,
,,,,,,,,,,,,,,,,,,,,,,,,,,,,
,,,,,,,,,,,,,,,,,,,,,,,,,,,,
,,,,,,,,,,,,,,,,,,,,,,,,,,,,
,,,,,,,,,,,,,,,,,,,,,,,,,,,,
,,,,,,,,,,,,,,,,,,,,,,,,,,,,
,,,,,,,,,,,,,,,,,,,,,,,,,,,,
,,,,,,,,,,,,,,,,,,,,,,,,,,,,
,,,,,,,,,,,,,,,,,,,,,,,,,,,,
,,,,,,,,,,,,,,,,,,,,,,,,,,,,
,,,,,,,,,,,,,,,,,,,,,,,,,,,,
,,,,,,,,,,,,,,,,,,,,,,,,,,,,
,,,,,,,,,,,,,,,,,,,,,,,,,,,,
,,,,,,,,,,,,,,,,,,,,,,,,,,,,
,,,,,,,,,,,,,,,,,,,,,,,,,,,,
,,,,,,,,,,,,,,,,,,,,,,,,,,,,
,,,,,,,,,,,,,,,,,,,,,,,,,,,,
,,,,,,,,,,,,,,,,,,,,,,,,,,,,
,,,,,,,,,,,,,,,,,,,,,,,,,,,,
,,,,,,,,,,,,,,,,,,,,,,,,,,,,
,,,,,,,,,,,,,,,,,,,,,,,,,,,,
,,,,,,,,,,,,,,,,,,,,,,,,,,,,
,,,,,,,,,,,,,,,,,,,,,,,,,,,,
,,,,,,,,,,,,,,,,,,,,,,,,,,,,
,,,,,,,,,,,,,,,,,,,,,,,,,,,,
,,,,,,,,,,,,,,,,,,,,,,,,,,,,
,,,,,,,,,,,,,,,,,,,,,,,,,,,,
,,,,,,,,,,,,,,,,,,,,,,,,,,,,
,,,,,,,,,,,,,,,,,,,,,,,,,,,,
,,,,,,,,,,,,,,,,,,,,,,,,,,,,
,,,,,,,,,,,,,,,,,,,,,,,,,,,,
,,,,,,,,,,,,,,,,,,,,,,,,,,,,
,,,,,,,,,,,,,,,,,,,,,,,,,,,,
,,,,,,,,,,,,,,,,,,,,,,,,,,,,
,,,,,,,,,,,,,,,,,,,,,,,,,,,,
,,,,,,,,,,,,,,,,,,,,,,,,,,,,
,,,,,,,,,,,,,,,,,,,,,,,,,,,,
,,,,,,,,,,,,,,,,,,,,,,,,,,,,
,,,,,,,,,,,,,,,,,,,,,,,,,,,,
,,,,,,,,,,,,,,,,,,,,,,,,,,,,
,,,,,,,,,,,,,,,,,,,,,,,,,,,,
,,,,,,,,,,,,,,,,,,,,,,,,,,,,
,,,,,,,,,,,,,,,,,,,,,,,,,,,,
,,,,,,,,,,,,,,,,,,,,,,,,,,,,
,,,,,,,,,,,,,,,,,,,,,,,,,,,,
,,,,,,,,,,,,,,,,,,,,,,,,,,,,
,,,,,,,,,,,,,,,,,,,,,,,,,,,,
,,,,,,,,,,,,,,,,,,,,,,,,,,,,
,,,,,,,,,,,,,,,,,,,,,,,,,,,,
,,,,,,,,,,,,,,,,,,,,,,,,,,,,
,,,,,,,,,,,,,,,,,,,,,,,,,,,,
,,,,,,,,,,,,,,,,,,,,,,,,,,,,
,,,,,,,,,,,,,,,,,,,,,,,,,,,,
,,,,,,,,,,,,,,,,,,,,,,,,,,,,
,,,,,,,,,,,,,,,,,,,,,,,,,,,,
,,,,,,,,,,,,,,,,,,,,,,,,,,,,
,,,,,,,,,,,,,,,,,,,,,,,,,,,,
,,,,,,,,,,,,,,,,,,,,,,,,,,,,
,,,,,,,,,,,,,,,,,,,,,,,,,,,,
,,,,,,,,,,,,,,,,,,,,,,,,,,,,
,,,,,,,,,,,,,,,,,,,,,,,,,,,,
,,,,,,,,,,,,,,,,,,,,,,,,,,,,
,,,,,,,,,,,,,,,,,,,,,,,,,,,,
,,,,,,,,,,,,,,,,,,,,,,,,,,,,
,,,,,,,,,,,,,,,,,,,,,,,,,,,,
,,,,,,,,,,,,,,,,,,,,,,,,,,,,
,,,,,,,,,,,,,,,,,,,,,,,,,,,,
,,,,,,,,,,,,,,,,,,,,,,,,,,,,
,,,,,,,,,,,,,,,,,,,,,,,,,,,,
,,,,,,,,,,,,,,,,,,,,,,,,,,,,
,,,,,,,,,,,,,,,,,,,,,,,,,,,,
,,,,,,,,,,,,,,,,,,,,,,,,,,,,
,,,,,,,,,,,,,,,,,,,,,,,,,,,,
,,,,,,,,,,,,,,,,,,,,,,,,,,,,
,,,,,,,,,,,,,,,,,,,,,,,,,,,,
,,,,,,,,,,,,,,,,,,,,,,,,,,,,
,,,,,,,,,,,,,,,,,,,,,,,,,,,,
,,,,,,,,,,,,,,,,,,,,,,,,,,,,
,,,,,,,,,,,,,,,,,,,,,,,,,,,,
,,,,,,,,,,,,,,,,,,,,,,,,,,,,
,,,,,,,,,,,,,,,,,,,,,,,,,,,,
,,,,,,,,,,,,,,,,,,,,,,,,,,,,
,,,,,,,,,,,,,,,,,,,,,,,,,,,,
,,,,,,,,,,,,,,,,,,,,,,,,,,,,
,,,,,,,,,,,,,,,,,,,,,,,,,,,,
,,,,,,,,,,,,,,,,,,,,,,,,,,,,
,,,,,,,,,,,,,,,,,,,,,,,,,,,,
,,,,,,,,,,,,,,,,,,,,,,,,,,,,
,,,,,,,,,,,,,,,,,,,,,,,,,,,,
,,,,,,,,,,,,,,,,,,,,,,,,,,,,
,,,,,,,,,,,,,,,,,,,,,,,,,,,,
,,,,,,,,,,,,,,,,,,,,,,,,,,,,
,,,,,,,,,,,,,,,,,,,,,,,,,,,,
,,,,,,,,,,,,,,,,,,,,,,,,,,,,
,,,,,,,,,,,,,,,,,,,,,,,,,,,,
,,,,,,,,,,,,,,,,,,,,,,,,,,,,
,,,,,,,,,,,,,,,,,,,,,,,,,,,,
,,,,,,,,,,,,,,,,,,,,,,,,,,,,
,,,,,,,,,,,,,,,,,,,,,,,,,,,,
,,,,,,,,,,,,,,,,,,,,,,,,,,,,
,,,,,,,,,,,,,,,,,,,,,,,,,,,,
,,,,,,,,,,,,,,,,,,,,,,,,,,,,
,,,,,,,,,,,,,,,,,,,,,,,,,,,,
,,,,,,,,,,,,,,,,,,,,,,,,,,,,
,,,,,,,,,,,,,,,,,,,,,,,,,,,,
,,,,,,,,,,,,,,,,,,,,,,,,,,,,
,,,,,,,,,,,,,,,,,,,,,,,,,,,,
,,,,,,,,,,,,,,,,,,,,,,,,,,,,
,,,,,,,,,,,,,,,,,,,,,,,,,,,,
,,,,,,,,,,,,,,,,,,,,,,,,,,,,
,,,,,,,,,,,,,,,,,,,,,,,,,,,,
,,,,,,,,,,,,,,,,,,,,,,,,,,,,
,,,,,,,,,,,,,,,,,,,,,,,,,,,,
,,,,,,,,,,,,,,,,,,,,,,,,,,,,
,,,,,,,,,,,,,,,,,,,,,,,,,,,,
,,,,,,,,,,,,,,,,,,,,,,,,,,,,
,,,,,,,,,,,,,,,,,,,,,,,,,,,,
,,,,,,,,,,,,,,,,,,,,,,,,,,,,
